Tripulación,Semana,Número de nómina,Máquina,Calibre,Mezcla,Proveedor,Fecha inicio,Hora inicio,Fecha fin,Hora fin,DISPAROS,HOYOS,MALLAS,PARO SIN MOTIVO MATRIX,PAROS SIN MOTIVO MÁQUINA,CAMBIO DE AGUJAS,MIN CAMBIO PLATINAS,MIN MANTTO RUTINA,MIN CALIDAD,MIN MANTTO PROGRAMADO,MIN OTROS PAROS,MIN LIMPIEZA ESTRUCTURA,MIN LIMPIEZA MALLAS,MIN CORRECTIVO OPERADOR,MIN CORRECTIVO MÁQUINA,MIN CAIDA CARDIGAN OPERADOR,MIN CAIDA CARDIGAN MÁQUINA,MIN CAIDA CARDIGAN M. PRIMA,MIN CAIDA TELA,Inicio vueltas,Fin vueltas
C,34,2916,M-101,24,Poliester,ProvA,25/08/2024,00:00:00,25/08/2024 04:42,04:42:00,8,10,849,10,23,1,18,0,13,85,15,31,25,52,16,8,9,17,29,17468,22437
B,31,1445,M-103,24,Algodon,ProvB,30/07/2024,00:00:00,30/07/2024 07:59,07:59:00,9,7,1245,12,11,1,11,45,44,42,11,1,55,31,18,19,19,0,27,19869,24272
C,2,4662,M-104,24,Mezcla,ProvA,10/01/2024,00:00:00,10/01/2024 10:52,10:52:00,1,0,1154,23,29,0,3,4,51,53,5,20,15,57,36,10,10,20,22,14106,22683
A,15,2526,M-104,18,Mezcla,ProvC,13/04/2024,00:00:00,13/04/2024 08:46,08:46:00,8,3,1033,5,15,2,2,5,7,48,27,13,10,40,11,19,22,14,21,13386,23200
C,6,8097,M-103,28,Mezcla,ProvB,09/02/2024,00:00:00,09/02/2024 03:14,03:14:00,13,7,586,22,19,1,11,45,54,35,6,27,4,23,60,26,3,8,4,11809,21002
A,52,9180,M-102,24,Mezcla,ProvA,29/12/2024,00:00:00,29/12/2024 11:24,11:24:00,6,10,1154,15,28,5,28,51,36,32,57,37,11,17,5,12,22,20,1,19362,28902
B,2,6428,M-103,28,Mezcla,ProvA,09/01/2024,00:00:00,09/01/2024 11:33,11:33:00,15,0,947,29,26,2,28,41,32,63,47,38,58,27,23,28,10,19,3,11027,19178
C,10,2607,M-104,24,Mezcla,ProvA,08/03/2024,00:00:00,08/03/2024 03:40,03:40:00,19,8,1364,8,0,4,26,27,6,51,44,57,26,34,53,24,6,3,25,13761,19456
A,38,4648,M-104,18,Algodon,ProvA,22/09/2024,00:00:00,22/09/2024 10:38,10:38:00,11,4,821,4,20,4,20,18,48,71,49,21,11,51,10,21,5,29,1,12013,20581
B,16,3802,M-102,24,Algodon,ProvA,18/04/2024,00:00:00,18/04/2024 09:50,09:50:00,0,10,916,3,26,2,25,15,55,106,30,55,31,16,21,16,12,4,28,11551,20542
C,15,8173,M-101,24,Algodon,ProvC,09/04/2024,00:00:00,09/04/2024 07:40,07:40:00,7,4,1158,13,12,0,23,42,41,47,56,51,5,10,54,5,13,5,5,11532,17277
B,18,2311,M-102,24,Poliester,ProvA,01/05/2024,00:00:00,01/05/2024 04:44,04:44:00,19,0,970,22,9,4,19,8,8,21,18,21,42,55,35,28,14,0,14,10890,15288
A,24,4004,M-102,24,Mezcla,ProvA,13/06/2024,00:00:00,13/06/2024 08:19,08:19:00,8,4,1381,18,20,0,14,17,57,4,22,46,43,19,13,29,16,28,7,13679,23552
A,2,8563,M-103,18,Poliester,ProvB,11/01/2024,00:00:00,11/01/2024 09:11,09:11:00,9,7,1173,25,10,3,28,18,49,18,40,48,14,33,52,4,21,14,30,11882,17492
B,33,3906,M-102,24,Mezcla,ProvB,16/08/2024,00:00:00,16/08/2024 06:13,06:13:00,9,8,677,28,21,3,27,56,59,67,34,4,38,25,44,10,12,28,3,11531,18767
B,24,5913,M-102,24,Mezcla,ProvB,10/06/2024,00:00:00,10/06/2024 05:08,05:08:00,9,10,1389,24,4,0,18,56,39,101,58,6,49,17,0,16,11,27,7,11443,14965
A,33,8360,M-103,28,Mezcla,ProvC,15/08/2024,00:00:00,15/08/2024 05:04,05:04:00,19,1,1262,5,14,4,24,37,31,18,47,48,50,42,39,2,29,4,23,15127,21358
B,34,4731,M-103,18,Poliester,ProvC,25/08/2024,00:00:00,25/08/2024 10:54,10:54:00,13,6,709,17,6,3,12,31,7,94,0,30,4,44,49,27,26,30,24,11915,19629
A,27,3979,M-103,18,Poliester,ProvA,07/07/2024,00:00:00,07/07/2024 06:06,06:06:00,4,8,1435,4,27,4,19,36,11,69,27,16,59,18,25,15,2,20,12,17419,24687
C,8,6901,M-101,18,Algodon,ProvC,19/02/2024,00:00:00,19/02/2024 08:02,08:02:00,7,8,940,19,6,0,13,50,36,59,9,51,5,13,29,4,26,13,15,12104,17543
B,42,4210,M-103,28,Algodon,ProvB,18/10/2024,00:00:00,18/10/2024 08:46,08:46:00,16,5,624,14,28,4,26,14,49,79,10,21,5,24,38,21,1,25,13,10533,17723
B,43,1150,M-103,18,Algodon,ProvA,27/10/2024,00:00:00,27/10/2024 10:02,10:02:00,9,3,1354,3,20,3,18,26,55,101,1,56,51,37,34,18,15,26,19,11407,15033
C,52,8454,M-102,28,Mezcla,ProvC,23/12/2024,00:00:00,23/12/2024 10:09,10:09:00,15,7,1273,16,25,5,8,41,41,10,40,50,13,0,10,20,29,2,4,16337,20039
B,34,4330,M-104,24,Poliester,ProvB,24/08/2024,00:00:00,24/08/2024 05:49,05:49:00,4,8,796,25,25,0,15,31,28,9,21,52,4,56,38,1,13,11,13,18009,27748
B,50,9903,M-104,28,Poliester,ProvC,12/12/2024,00:00:00,12/12/2024 06:46,06:46:00,15,2,1284,24,7,1,28,27,51,75,56,36,21,49,13,9,24,5,17,13037,18579
A,34,3210,M-101,24,Algodon,ProvB,24/08/2024,00:00:00,24/08/2024 03:45,03:45:00,15,5,1191,0,10,2,0,52,28,112,43,55,37,25,3,28,30,16,27,17268,24458
A,39,5863,M-101,28,Poliester,ProvB,28/09/2024,00:00:00,28/09/2024 10:02,10:02:00,15,7,632,25,27,0,27,33,52,58,47,33,32,26,2,28,25,8,9,10733,15073
B,38,7446,M-103,18,Poliester,ProvA,16/09/2024,00:00:00,16/09/2024 10:29,10:29:00,14,7,1328,7,18,4,20,46,28,23,30,25,49,21,35,15,9,11,8,10584,12755
A,1,7179,M-104,24,Poliester,ProvA,31/12/2024,00:00:00,31/12/2024 07:03,07:03:00,6,8,1440,19,29,1,11,14,10,35,58,13,21,14,34,29,17,6,10,11376,16585
C,22,7222,M-101,24,Poliester,ProvC,29/05/2024,00:00:00,29/05/2024 11:21,11:21:00,20,9,978,1,23,4,18,21,57,7,40,59,12,27,25,27,29,17,20,12854,22504
C,5,4324,M-102,18,Algodon,ProvB,31/01/2024,00:00:00,31/01/2024 09:47,09:47:00,4,3,1384,26,28,4,15,54,28,81,18,32,5,25,29,17,12,25,4,16942,21219
A,27,6007,M-103,24,Algodon,ProvB,03/07/2024,00:00:00,03/07/2024 04:42,04:42:00,3,5,1445,12,21,0,2,1,3,94,39,14,10,49,8,5,8,9,18,13862,20888
B,28,9640,M-102,18,Mezcla,ProvB,09/07/2024,00:00:00,09/07/2024 03:55,03:55:00,1,1,936,27,29,1,25,5,39,14,58,9,52,4,5,29,22,7,3,19435,22328
A,20,8004,M-104,24,Mezcla,ProvB,19/05/2024,00:00:00,19/05/2024 04:13,04:13:00,14,3,1246,18,20,4,19,48,17,25,49,53,24,54,2,1,11,7,12,19125,25271
B,49,7192,M-101,28,Poliester,ProvB,08/12/2024,00:00:00,08/12/2024 10:28,10:28:00,19,1,1102,0,24,4,4,44,9,40,43,9,45,36,17,14,9,11,28,15886,20264
B,22,6005,M-104,28,Poliester,ProvC,02/06/2024,00:00:00,02/06/2024 05:48,05:48:00,9,6,724,14,24,0,10,8,8,37,37,27,6,57,24,5,1,22,9,16401,25076
B,7,5214,M-101,18,Algodon,ProvA,18/02/2024,00:00:00,18/02/2024 05:54,05:54:00,11,9,584,15,16,1,26,59,34,59,36,12,13,28,30,3,16,25,16,14324,21419
A,9,4056,M-101,18,Mezcla,ProvC,29/02/2024,00:00:00,29/02/2024 08:44,08:44:00,6,9,1244,19,24,0,30,29,39,86,44,23,57,22,32,4,26,8,22,19088,23097
C,14,1637,M-101,18,Poliester,ProvC,03/04/2024,00:00:00,03/04/2024 09:30,09:30:00,8,10,1270,13,2,0,27,11,40,115,40,12,50,6,22,12,23,19,2,19217,21753
B,9,7394,M-103,24,Poliester,ProvA,26/02/2024,00:00:00,26/02/2024 04:11,04:11:00,19,10,578,9,16,4,13,14,47,46,48,24,11,28,32,21,20,29,9,14698,22949
A,29,6589,M-102,18,Algodon,ProvB,19/07/2024,00:00:00,19/07/2024 10:33,10:33:00,8,3,632,3,15,0,13,4,41,6,9,33,49,5,40,18,13,24,1,15027,17831
A,37,9588,M-103,18,Mezcla,ProvA,10/09/2024,00:00:00,10/09/2024 06:40,06:40:00,16,4,567,18,20,0,23,19,59,54,58,47,42,28,23,13,20,10,16,10214,18275
B,48,8872,M-102,28,Mezcla,ProvC,25/11/2024,00:00:00,25/11/2024 07:32,07:32:00,20,0,1498,15,0,0,12,29,39,27,19,32,32,56,12,17,12,7,17,15892,19109
A,8,1154,M-102,18,Mezcla,ProvB,19/02/2024,00:00:00,19/02/2024 06:28,06:28:00,14,6,1164,5,13,4,7,49,16,84,9,51,60,5,55,3,15,20,16,11340,18098
A,10,3236,M-102,24,Mezcla,ProvB,05/03/2024,00:00:00,05/03/2024 03:18,03:18:00,17,2,1280,17,17,5,17,37,21,92,47,50,15,22,37,20,26,23,24,12846,19223
C,51,6586,M-104,28,Mezcla,ProvA,16/12/2024,00:00:00,16/12/2024 11:40,11:40:00,8,0,907,10,0,1,30,44,0,92,13,59,7,60,20,12,7,9,4,11313,18319
B,41,6612,M-103,18,Algodon,ProvA,12/10/2024,00:00:00,12/10/2024 08:08,08:08:00,12,6,727,14,24,2,13,46,2,102,4,56,34,27,8,23,27,25,27,10546,12963
A,21,3281,M-104,28,Algodon,ProvB,25/05/2024,00:00:00,25/05/2024 04:48,04:48:00,17,0,977,27,18,0,17,53,35,30,0,56,11,33,9,15,17,26,6,14553,21997
B,2,9287,M-104,28,Poliester,ProvB,10/01/2024,00:00:00,10/01/2024 08:10,08:10:00,10,0,752,0,9,5,3,0,24,55,56,22,57,19,29,16,8,26,8,17712,20967
C,51,8698,M-103,18,Algodon,ProvA,19/12/2024,00:00:00,19/12/2024 04:15,04:15:00,12,10,967,1,7,3,19,17,15,63,21,39,38,52,30,21,1,25,3,11437,15074
A,45,2746,M-101,18,Poliester,ProvB,05/11/2024,00:00:00,05/11/2024 07:14,07:14:00,13,9,745,5,21,2,26,41,53,37,55,33,28,5,54,18,19,27,21,13618,20322
B,41,9384,M-104,18,Mezcla,ProvA,09/10/2024,00:00:00,09/10/2024 09:18,09:18:00,6,2,733,7,12,2,13,29,54,110,10,6,19,45,29,13,26,6,10,17482,20059
C,29,8217,M-103,18,Poliester,ProvA,15/07/2024,00:00:00,15/07/2024 06:35,06:35:00,11,1,523,12,16,3,12,27,28,51,48,34,11,14,36,1,15,23,19,12298,17696
B,51,6301,M-101,24,Poliester,ProvA,17/12/2024,00:00:00,17/12/2024 10:48,10:48:00,16,10,1148,16,5,0,6,48,14,104,27,36,41,55,19,17,14,19,25,14873,22008
A,45,3586,M-102,18,Algodon,ProvC,08/11/2024,00:00:00,08/11/2024 03:43,03:43:00,14,8,560,5,24,1,18,27,23,13,30,9,31,22,47,19,15,6,26,11035,20955
C,52,2087,M-104,24,Algodon,ProvC,28/12/2024,00:00:00,28/12/2024 07:54,07:54:00,15,5,722,18,2,5,4,11,13,98,6,5,27,13,37,15,13,4,10,15154,21598
C,27,2312,M-102,28,Algodon,ProvB,07/07/2024,00:00:00,07/07/2024 07:19,07:19:00,16,6,1238,2,1,5,26,33,47,36,43,46,44,50,26,24,29,25,26,13760,16821
B,6,3886,M-104,28,Algodon,ProvB,06/02/2024,00:00:00,06/02/2024 06:43,06:43:00,16,10,527,25,24,1,23,3,46,18,37,23,2,8,52,3,27,18,18,19174,24063
C,20,8801,M-102,24,Poliester,ProvB,18/05/2024,00:00:00,18/05/2024 10:11,10:11:00,17,3,1495,15,12,0,10,14,1,89,8,31,26,10,59,27,15,17,13,15773,18598
C,35,6020,M-101,24,Mezcla,ProvA,29/08/2024,00:00:00,29/08/2024 04:29,04:29:00,8,5,786,24,14,3,19,46,34,106,32,53,50,28,21,24,0,23,0,11180,18974
C,13,1133,M-102,18,Algodon,ProvC,28/03/2024,00:00:00,28/03/2024 10:17,10:17:00,9,3,744,29,2,1,3,58,4,107,1,20,8,38,0,8,28,3,8,19063,24201
B,3,8200,M-101,24,Mezcla,ProvC,16/01/2024,00:00:00,16/01/2024 06:09,06:09:00,1,3,914,3,18,3,1,22,23,72,5,47,59,3,42,8,11,25,8,11531,20866
B,49,6096,M-103,18,Mezcla,ProvA,07/12/2024,00:00:00,07/12/2024 05:18,05:18:00,8,4,774,28,27,0,29,35,56,29,42,49,56,53,22,27,9,12,29,13019,21210
C,20,6406,M-104,24,Mezcla,ProvB,14/05/2024,00:00:00,14/05/2024 07:00,07:00:00,9,4,586,16,12,4,30,43,45,18,18,31,33,52,8,23,0,29,22,12150,20027
C,1,1124,M-102,18,Poliester,ProvA,05/01/2024,00:00:00,05/01/2024 03:16,03:16:00,7,10,759,29,4,0,19,59,20,82,31,58,31,60,31,20,19,26,19,19173,22530
B,51,8110,M-103,18,Algodon,ProvB,19/12/2024,00:00:00,19/12/2024 09:13,09:13:00,9,2,991,11,19,3,4,34,20,46,32,37,2,60,59,13,22,22,16,15216,23760
C,9,4313,M-104,24,Mezcla,ProvC,28/02/2024,00:00:00,28/02/2024 09:05,09:05:00,11,4,1158,27,4,3,12,10,7,17,45,4,5,7,33,2,28,14,10,11371,15255
B,30,8302,M-103,28,Algodon,ProvB,27/07/2024,00:00:00,27/07/2024 05:02,05:02:00,17,7,886,13,13,5,15,47,16,59,26,58,50,28,23,11,9,2,26,19273,23342
C,14,7119,M-101,28,Poliester,ProvB,03/04/2024,00:00:00,03/04/2024 06:15,06:15:00,1,2,1171,5,6,3,22,19,33,115,54,18,16,37,1,14,18,8,5,19285,21340
B,31,3688,M-101,18,Poliester,ProvA,02/08/2024,00:00:00,02/08/2024 04:48,04:48:00,10,2,650,14,1,4,5,10,31,20,24,11,19,40,18,11,15,2,27,10605,19449
B,7,8979,M-101,18,Poliester,ProvB,18/02/2024,00:00:00,18/02/2024 07:43,07:43:00,9,4,1011,29,5,3,18,53,36,7,23,28,48,34,25,14,13,24,8,18488,27746
A,32,6966,M-104,28,Poliester,ProvA,10/08/2024,00:00:00,10/08/2024 03:58,03:58:00,18,10,1033,23,4,1,2,42,35,37,17,48,6,21,36,11,22,16,8,17764,22493
A,48,4030,M-102,18,Poliester,ProvA,29/11/2024,00:00:00,29/11/2024 04:21,04:21:00,7,10,717,5,20,0,8,17,6,63,52,40,55,60,3,26,12,25,29,10441,13121
C,15,9753,M-104,24,Algodon,ProvA,13/04/2024,00:00:00,13/04/2024 08:30,08:30:00,16,1,772,30,1,1,25,46,49,47,57,22,60,51,50,25,5,29,23,13802,19651
A,32,1181,M-103,28,Mezcla,ProvB,10/08/2024,00:00:00,10/08/2024 05:04,05:04:00,11,9,760,12,7,1,24,15,6,13,35,50,7,27,16,27,1,22,0,18936,24212
A,15,5830,M-101,24,Poliester,ProvB,08/04/2024,00:00:00,08/04/2024 08:06,08:06:00,20,4,804,25,30,0,3,53,59,83,0,14,3,37,38,18,9,8,3,18580,23871
A,8,6035,M-104,18,Poliester,ProvC,20/02/2024,00:00:00,20/02/2024 05:58,05:58:00,17,3,602,7,11,0,13,51,29,52,51,9,59,54,57,24,1,24,1,18577,22184
B,24,2386,M-103,24,Algodon,ProvA,15/06/2024,00:00:00,15/06/2024 11:30,11:30:00,8,9,718,25,19,2,7,2,8,101,33,37,5,8,49,23,27,20,17,16525,22178
B,44,7422,M-102,24,Mezcla,ProvB,28/10/2024,00:00:00,28/10/2024 05:23,05:23:00,1,10,855,20,28,1,6,60,10,46,16,38,25,57,36,25,2,9,6,19854,28991
C,32,8640,M-103,24,Mezcla,ProvA,05/08/2024,00:00:00,05/08/2024 06:11,06:11:00,12,9,891,10,23,4,10,15,58,49,49,25,52,18,56,26,23,1,10,13631,15635
A,33,1345,M-103,28,Mezcla,ProvC,17/08/2024,00:00:00,17/08/2024 08:08,08:08:00,14,0,1453,10,29,3,20,24,31,111,26,11,20,57,49,24,6,26,8,14806,22225
A,37,2972,M-104,24,Mezcla,ProvB,10/09/2024,00:00:00,10/09/2024 09:48,09:48:00,4,7,948,10,2,3,0,44,23,36,38,55,0,18,28,29,17,9,3,18120,24206
B,45,5341,M-104,24,Mezcla,ProvB,05/11/2024,00:00:00,05/11/2024 06:11,06:11:00,16,7,656,21,21,5,14,7,36,87,16,21,42,15,13,3,14,5,9,16296,23945
B,3,3486,M-102,18,Algodon,ProvC,17/01/2024,00:00:00,17/01/2024 04:49,04:49:00,16,7,1453,11,20,2,5,3,40,102,37,7,4,2,35,8,30,4,12,17580,26408
B,21,1064,M-103,18,Algodon,ProvC,22/05/2024,00:00:00,22/05/2024 03:47,03:47:00,14,4,881,21,16,3,0,40,43,8,33,60,41,3,4,21,23,5,3,18827,24591
C,49,1829,M-101,24,Mezcla,ProvA,07/12/2024,00:00:00,07/12/2024 09:25,09:25:00,10,4,986,8,24,5,20,50,44,38,39,55,5,7,52,9,22,11,14,11307,16507
C,19,1850,M-102,18,Poliester,ProvA,11/05/2024,00:00:00,11/05/2024 10:16,10:16:00,0,1,1322,7,26,4,16,51,31,78,56,44,43,34,49,2,3,6,26,19389,28368
A,3,1590,M-101,24,Algodon,ProvB,19/01/2024,00:00:00,19/01/2024 08:12,08:12:00,11,8,552,16,13,5,23,3,56,67,55,29,4,53,23,2,20,12,7,18970,21027
B,19,3014,M-104,18,Mezcla,ProvA,10/05/2024,00:00:00,10/05/2024 10:28,10:28:00,13,3,905,3,18,4,14,31,35,104,29,22,21,19,24,18,12,9,19,17435,25059
C,47,7343,M-103,24,Mezcla,ProvA,22/11/2024,00:00:00,22/11/2024 04:27,04:27:00,7,4,1235,16,17,0,23,11,50,104,51,13,44,43,10,3,2,12,5,12683,15253
B,7,6292,M-101,24,Algodon,ProvA,12/02/2024,00:00:00,12/02/2024 04:12,04:12:00,18,2,944,20,30,2,26,47,45,83,1,45,38,10,42,3,7,20,15,16292,24802
C,18,9252,M-102,24,Poliester,ProvB,02/05/2024,00:00:00,02/05/2024 04:20,04:20:00,0,7,1452,11,24,3,12,31,43,5,20,24,11,33,26,2,1,5,11,13657,16034
B,22,2636,M-103,24,Poliester,ProvB,29/05/2024,00:00:00,29/05/2024 09:23,09:23:00,5,1,1321,3,28,0,0,26,3,20,23,55,16,11,47,29,18,29,15,18003,26903
C,23,9462,M-103,24,Algodon,ProvB,04/06/2024,00:00:00,04/06/2024 09:25,09:25:00,12,4,594,2,18,2,26,60,48,77,17,54,29,50,57,16,17,14,1,10416,17736
A,28,6165,M-101,18,Algodon,ProvA,09/07/2024,00:00:00,09/07/2024 03:54,03:54:00,16,6,770,2,9,3,5,25,18,45,11,23,59,13,23,23,9,18,2,14523,16921
C,43,7982,M-103,28,Mezcla,ProvA,25/10/2024,00:00:00,25/10/2024 11:24,11:24:00,0,10,1091,12,23,3,12,3,32,19,34,41,42,10,3,14,20,9,13,13041,19999
A,29,7092,M-101,28,Algodon,ProvC,19/07/2024,00:00:00,19/07/2024 09:44,09:44:00,20,4,1459,20,30,2,3,22,39,26,5,50,2,15,13,14,15,1,4,18463,23189
B,34,4258,M-102,28,Mezcla,ProvA,25/08/2024,00:00:00,25/08/2024 10:06,10:06:00,4,6,879,14,20,5,5,47,47,16,42,5,4,37,53,12,15,30,16,15832,21520
C,34,7829,M-104,28,Algodon,ProvA,19/08/2024,00:00:00,19/08/2024 07:11,07:11:00,0,0,1388,6,17,4,10,39,22,0,11,1,11,26,59,1,21,29,29,18074,23837
A,45,6992,M-104,28,Mezcla,ProvC,07/11/2024,00:00:00,07/11/2024 10:39,10:39:00,15,9,616,2,18,4,14,44,54,65,50,16,11,42,25,22,6,0,28,14256,21959
B,9,2559,M-102,18,Mezcla,ProvB,27/02/2024,00:00:00,27/02/2024 04:06,04:06:00,4,10,909,4,6,2,24,33,20,22,38,56,27,59,21,5,16,28,12,19915,28992
B,10,7716,M-102,24,Mezcla,ProvB,04/03/2024,00:00:00,04/03/2024 10:40,10:40:00,16,9,653,29,22,4,7,36,27,45,31,34,5,17,33,9,24,16,3,13766,16798
A,9,8959,M-101,18,Poliester,ProvC,26/02/2024,00:00:00,26/02/2024 03:51,03:51:00,13,0,1303,18,8,0,8,19,42,51,8,23,13,34,37,2,24,19,20,18088,25754
A,52,4569,M-102,28,Algodon,ProvB,26/12/2024,00:00:00,26/12/2024 08:52,08:52:00,5,9,865,1,27,5,29,44,59,46,51,48,49,7,31,6,25,29,6,17290,21699
C,42,8195,M-101,24,Poliester,ProvC,19/10/2024,00:00:00,19/10/2024 04:19,04:19:00,5,3,812,18,16,5,15,25,41,12,50,12,33,30,20,22,16,13,9,13729,21582
C,12,2551,M-104,18,Poliester,ProvC,19/03/2024,00:00:00,19/03/2024 10:10,10:10:00,12,5,631,19,22,1,8,50,23,108,53,39,22,17,57,29,18,2,10,12303,15770
A,27,8207,M-103,28,Poliester,ProvA,07/07/2024,00:00:00,07/07/2024 05:44,05:44:00,13,5,1315,24,24,4,6,32,39,80,11,3,22,0,53,9,9,26,28,13842,20341
B,52,5740,M-101,18,Poliester,ProvB,28/12/2024,00:00:00,28/12/2024 08:58,08:58:00,3,10,538,8,22,3,4,18,37,66,48,27,9,14,48,20,15,20,10,13295,19556
B,33,7259,M-102,28,Mezcla,ProvB,15/08/2024,00:00:00,15/08/2024 07:04,07:04:00,5,3,1212,4,24,0,21,37,56,77,13,50,42,12,49,22,16,27,23,15853,21464
B,31,4248,M-101,24,Mezcla,ProvA,01/08/2024,00:00:00,01/08/2024 07:02,07:02:00,9,8,1070,25,20,3,9,28,29,46,7,12,45,9,7,18,9,18,18,11363,14547
B,34,9388,M-102,18,Algodon,ProvA,24/08/2024,00:00:00,24/08/2024 10:09,10:09:00,2,2,1332,3,12,5,10,58,39,69,60,16,55,45,28,6,18,20,24,18451,22864
A,2,5630,M-104,28,Algodon,ProvC,13/01/2024,00:00:00,13/01/2024 08:14,08:14:00,18,10,915,10,2,3,14,34,16,3,4,59,24,47,40,0,25,7,24,18351,24386
B,48,7526,M-103,24,Poliester,ProvB,26/11/2024,00:00:00,26/11/2024 11:39,11:39:00,7,10,1345,13,8,2,6,42,28,82,50,57,50,48,53,30,1,17,10,16588,20814
A,24,2888,M-102,24,Poliester,ProvB,11/06/2024,00:00:00,11/06/2024 07:16,07:16:00,20,3,1045,24,17,4,17,33,29,119,9,33,23,28,7,8,19,29,11,18113,21958
C,10,4917,M-102,18,Algodon,ProvA,08/03/2024,00:00:00,08/03/2024 06:27,06:27:00,20,1,1365,22,27,1,9,49,42,79,52,41,28,55,37,29,9,30,5,13820,22580
B,1,6897,M-103,18,Mezcla,ProvB,30/12/2024,00:00:00,30/12/2024 06:38,06:38:00,1,5,1185,2,4,0,30,60,53,63,27,34,33,10,59,10,28,1,29,19481,25006
C,29,1657,M-104,18,Mezcla,ProvA,19/07/2024,00:00:00,19/07/2024 10:46,10:46:00,2,4,734,22,14,4,2,33,23,92,0,37,12,38,31,10,21,13,23,14924,21266
A,8,6527,M-102,28,Mezcla,ProvB,19/02/2024,00:00:00,19/02/2024 10:18,10:18:00,4,2,845,18,11,2,1,31,43,24,60,13,9,8,2,10,28,6,6,13727,19169
B,29,9603,M-104,24,Poliester,ProvB,20/07/2024,00:00:00,20/07/2024 07:43,07:43:00,0,2,569,24,11,3,30,13,52,62,41,10,44,4,21,26,23,27,13,11477,20692
B,13,9831,M-102,18,Mezcla,ProvC,30/03/2024,00:00:00,30/03/2024 08:18,08:18:00,14,5,1081,15,5,0,3,30,55,64,18,41,42,12,6,16,19,29,6,15654,23363
A,48,9139,M-103,18,Algodon,ProvC,28/11/2024,00:00:00,28/11/2024 03:39,03:39:00,20,4,850,27,17,4,22,38,55,69,53,55,22,58,30,0,5,23,0,18553,25352
C,34,7448,M-104,18,Poliester,ProvA,24/08/2024,00:00:00,24/08/2024 07:31,07:31:00,13,8,1465,9,9,1,19,48,14,12,9,38,26,35,11,10,20,30,14,14922,19108
C,17,6801,M-104,28,Poliester,ProvC,26/04/2024,00:00:00,26/04/2024 11:25,11:25:00,5,8,1032,27,24,2,0,7,20,72,15,26,9,49,46,30,4,24,7,19640,25167
C,19,8636,M-103,18,Mezcla,ProvB,06/05/2024,00:00:00,06/05/2024 05:45,05:45:00,4,7,586,18,14,3,1,44,16,26,54,32,47,24,19,18,22,29,6,10956,15808
B,21,2275,M-103,18,Mezcla,ProvB,22/05/2024,00:00:00,22/05/2024 11:44,11:44:00,5,4,610,4,5,0,7,11,23,49,55,6,16,5,49,13,2,9,11,11978,18829
C,46,6332,M-104,24,Algodon,ProvC,14/11/2024,00:00:00,14/11/2024 09:54,09:54:00,20,8,894,24,21,5,3,58,12,63,43,59,19,30,11,22,25,12,14,18806,26688
B,37,6994,M-102,24,Poliester,ProvC,14/09/2024,00:00:00,14/09/2024 06:11,06:11:00,8,3,695,3,28,0,23,37,37,106,50,8,37,14,40,21,3,17,0,10509,13880
C,9,1521,M-104,24,Poliester,ProvC,02/03/2024,00:00:00,02/03/2024 11:27,11:27:00,1,5,722,17,1,2,10,37,29,6,9,25,33,22,48,7,11,13,5,19236,21291
C,31,1883,M-103,24,Algodon,ProvC,01/08/2024,00:00:00,01/08/2024 06:55,06:55:00,4,7,638,11,4,0,12,54,52,2,15,6,1,57,49,24,23,17,3,16326,23556
C,39,3291,M-101,28,Poliester,ProvB,25/09/2024,00:00:00,25/09/2024 04:13,04:13:00,7,3,1101,3,16,3,26,18,54,76,12,25,48,31,50,23,29,13,22,18626,27163
A,43,3675,M-104,28,Algodon,ProvC,27/10/2024,00:00:00,27/10/2024 10:25,10:25:00,12,7,552,1,4,5,10,4,46,105,11,1,9,46,43,21,0,26,7,10672,15813
B,17,8473,M-101,18,Algodon,ProvA,25/04/2024,00:00:00,25/04/2024 09:54,09:54:00,18,9,915,0,2,2,17,42,4,29,36,55,18,4,40,27,12,16,19,17767,25808
A,23,2886,M-101,18,Algodon,ProvB,07/06/2024,00:00:00,07/06/2024 04:58,04:58:00,1,8,1223,3,23,0,15,51,41,96,54,13,55,0,1,6,15,15,19,19124,27759
A,13,6141,M-104,28,Poliester,ProvA,27/03/2024,00:00:00,27/03/2024 07:56,07:56:00,6,9,1316,18,29,1,30,10,42,13,23,50,12,15,8,6,8,7,22,13914,20625
C,49,2588,M-103,18,Mezcla,ProvA,05/12/2024,00:00:00,05/12/2024 04:39,04:39:00,1,4,855,23,6,1,9,42,44,100,12,57,51,36,28,11,22,20,21,16849,25620
C,42,7457,M-102,18,Poliester,ProvC,19/10/2024,00:00:00,19/10/2024 10:14,10:14:00,8,6,938,20,4,1,1,46,30,53,20,60,42,12,13,29,0,8,2,10325,14836
A,26,8675,M-104,28,Algodon,ProvC,29/06/2024,00:00:00,29/06/2024 11:54,11:54:00,20,1,893,3,19,0,14,48,1,96,22,5,3,37,28,25,22,16,8,13183,22099
B,26,3819,M-101,28,Poliester,ProvB,25/06/2024,00:00:00,25/06/2024 11:48,11:48:00,20,6,1456,16,28,4,6,7,59,85,53,56,26,6,39,26,19,25,11,11543,20680
B,40,7786,M-102,18,Mezcla,ProvB,30/09/2024,00:00:00,30/09/2024 10:24,10:24:00,2,1,1136,29,3,3,11,36,3,88,50,53,15,52,1,28,1,26,26,10406,14221
A,18,3658,M-103,28,Mezcla,ProvB,03/05/2024,00:00:00,03/05/2024 08:58,08:58:00,15,3,1011,26,2,2,26,15,20,95,36,24,49,5,26,16,17,24,2,14842,20266
C,44,4843,M-102,28,Poliester,ProvA,29/10/2024,00:00:00,29/10/2024 06:22,06:22:00,20,2,569,24,8,1,7,30,40,28,13,59,7,28,28,4,0,28,5,16867,20834
C,37,1558,M-101,28,Poliester,ProvB,12/09/2024,00:00:00,12/09/2024 04:45,04:45:00,16,1,1500,26,9,3,27,10,59,102,60,12,40,28,53,6,27,23,23,17352,25845
C,33,7318,M-104,28,Poliester,ProvC,18/08/2024,00:00:00,18/08/2024 10:06,10:06:00,5,4,933,13,30,1,12,23,14,117,42,1,10,39,2,29,15,29,4,15783,17921
C,35,1028,M-102,24,Mezcla,ProvA,31/08/2024,00:00:00,31/08/2024 06:38,06:38:00,0,4,619,7,10,4,4,28,31,98,8,32,12,42,1,5,5,13,8,12117,17974
B,45,2025,M-101,24,Mezcla,ProvC,07/11/2024,00:00:00,07/11/2024 07:49,07:49:00,1,2,682,21,22,4,3,35,20,77,46,35,10,47,14,19,23,27,9,14223,17813
C,15,2069,M-102,28,Poliester,ProvC,11/04/2024,00:00:00,11/04/2024 08:04,08:04:00,14,7,552,25,26,5,4,7,11,59,33,54,33,11,2,4,7,13,23,16338,21936
A,7,7520,M-102,24,Mezcla,ProvC,12/02/2024,00:00:00,12/02/2024 04:53,04:53:00,15,8,1203,21,23,1,6,54,51,75,13,49,44,34,20,26,10,6,30,18550,27172
A,19,9310,M-101,28,Algodon,ProvA,06/05/2024,00:00:00,06/05/2024 05:43,05:43:00,17,3,753,14,7,2,8,35,45,39,55,26,53,45,51,7,5,16,7,14039,21881
A,14,6683,M-103,24,Algodon,ProvA,01/04/2024,00:00:00,01/04/2024 09:27,09:27:00,8,6,1040,28,27,5,6,57,6,92,37,48,3,49,53,18,28,0,7,19925,23641
A,40,2692,M-104,28,Algodon,ProvA,03/10/2024,00:00:00,03/10/2024 09:37,09:37:00,6,7,1335,5,26,4,4,41,24,42,25,16,49,51,36,21,8,15,3,10540,12615
C,20,1057,M-101,18,Mezcla,ProvB,16/05/2024,00:00:00,16/05/2024 06:18,06:18:00,19,7,602,9,1,2,25,25,19,22,59,3,4,49,23,11,19,4,22,19709,29386
A,34,2435,M-104,28,Poliester,ProvB,20/08/2024,00:00:00,20/08/2024 04:17,04:17:00,10,0,952,14,22,0,18,15,15,109,34,26,26,51,24,25,28,17,11,12377,17230
B,37,9874,M-103,24,Poliester,ProvA,09/09/2024,00:00:00,09/09/2024 06:41,06:41:00,20,2,1208,16,27,1,25,57,10,86,5,60,35,59,24,18,18,24,13,10929,19631
B,18,6486,M-102,24,Algodon,ProvA,04/05/2024,00:00:00,04/05/2024 08:36,08:36:00,0,2,863,11,5,3,7,19,30,21,12,30,10,29,46,20,5,3,7,19153,28362
A,45,6473,M-104,24,Algodon,ProvB,05/11/2024,00:00:00,05/11/2024 11:04,11:04:00,12,10,1275,12,2,2,19,50,17,110,29,24,1,16,36,23,25,6,17,16365,23433
B,26,4159,M-101,28,Algodon,ProvA,26/06/2024,00:00:00,26/06/2024 03:26,03:26:00,5,9,696,2,20,0,4,53,32,46,0,52,13,44,9,26,16,30,28,10344,16173
A,43,1383,M-101,18,Poliester,ProvC,27/10/2024,00:00:00,27/10/2024 04:40,04:40:00,4,10,1188,26,15,2,21,40,53,105,49,57,16,3,56,18,10,9,15,18806,22349
B,47,4935,M-103,24,Poliester,ProvC,19/11/2024,00:00:00,19/11/2024 10:09,10:09:00,0,3,842,28,6,0,0,22,11,29,51,14,2,52,53,1,2,27,2,14021,19963
B,30,4462,M-103,24,Poliester,ProvB,28/07/2024,00:00:00,28/07/2024 08:40,08:40:00,10,3,896,7,27,4,20,41,5,5,60,11,26,22,19,8,27,8,3,14018,16246
A,37,1014,M-104,28,Algodon,ProvB,10/09/2024,00:00:00,10/09/2024 09:00,09:00:00,16,6,505,16,19,1,22,59,21,23,23,43,28,32,39,28,2,13,0,17533,25763
C,15,4902,M-101,18,Algodon,ProvB,09/04/2024,00:00:00,09/04/2024 11:01,11:01:00,10,0,1350,4,13,0,13,2,43,8,17,51,21,52,6,11,3,23,30,13852,23528
B,28,7519,M-102,28,Algodon,ProvB,11/07/2024,00:00:00,11/07/2024 04:18,04:18:00,18,2,888,0,17,2,21,1,44,75,5,55,6,58,33,10,30,21,14,19370,24544
A,48,1587,M-102,28,Mezcla,ProvA,30/11/2024,00:00:00,30/11/2024 11:47,11:47:00,12,7,1081,10,1,0,5,9,27,120,20,41,31,3,25,27,1,0,18,18715,21514
C,3,6836,M-101,24,Poliester,ProvA,15/01/2024,00:00:00,15/01/2024 04:43,04:43:00,0,7,939,0,25,3,0,41,30,120,56,22,16,7,17,17,5,9,16,10582,20482
B,25,6082,M-101,24,Poliester,ProvB,19/06/2024,00:00:00,19/06/2024 07:15,07:15:00,0,8,671,30,17,4,18,51,6,42,36,49,49,6,54,13,26,16,25,13068,16229
A,44,9698,M-101,18,Algodon,ProvA,28/10/2024,00:00:00,28/10/2024 07:35,07:35:00,10,6,795,27,29,0,28,47,35,12,21,47,34,14,37,1,5,29,30,12733,20480
B,13,4039,M-102,18,Mezcla,ProvB,25/03/2024,00:00:00,25/03/2024 07:00,07:00:00,2,1,1431,14,25,4,18,15,5,77,17,15,35,16,1,29,22,20,0,15629,24837
A,21,4354,M-101,24,Mezcla,ProvB,22/05/2024,00:00:00,22/05/2024 09:49,09:49:00,12,8,836,14,21,4,28,28,44,71,12,54,30,25,4,29,7,25,25,19247,23197
B,15,7734,M-103,28,Algodon,ProvB,11/04/2024,00:00:00,11/04/2024 07:44,07:44:00,17,6,1180,29,9,2,18,17,44,15,16,47,43,18,56,6,12,18,25,11473,15787
B,8,1718,M-104,28,Algodon,ProvC,19/02/2024,00:00:00,19/02/2024 05:42,05:42:00,15,2,1364,1,26,2,14,56,11,55,37,47,56,38,53,5,26,18,14,19023,25788
A,22,5428,M-102,18,Mezcla,ProvB,01/06/2024,00:00:00,01/06/2024 07:14,07:14:00,12,10,1485,15,11,4,16,47,21,4,22,55,38,37,50,27,10,15,29,12187,16621
B,40,9275,M-102,18,Algodon,ProvC,04/10/2024,00:00:00,04/10/2024 10:08,10:08:00,19,9,1083,12,16,2,5,54,31,46,20,12,45,15,56,25,5,20,28,15493,18421
C,2,6938,M-101,18,Algodon,ProvA,11/01/2024,00:00:00,11/01/2024 11:46,11:46:00,7,9,1304,20,23,2,4,3,44,111,26,29,39,41,26,30,16,7,17,15376,21143
A,22,7909,M-101,18,Mezcla,ProvB,30/05/2024,00:00:00,30/05/2024 04:12,04:12:00,13,8,1091,20,24,4,13,25,6,35,47,29,25,60,7,26,0,10,19,19155,25663
B,23,7198,M-101,24,Poliester,ProvA,04/06/2024,00:00:00,04/06/2024 09:27,09:27:00,16,4,1196,0,1,3,11,38,32,10,60,33,9,4,55,26,7,11,5,15781,21079
A,32,9653,M-103,18,Algodon,ProvA,08/08/2024,00:00:00,08/08/2024 04:15,04:15:00,8,5,921,23,8,0,22,56,0,77,22,31,53,58,34,12,28,15,7,16493,20899
B,37,5640,M-101,24,Algodon,ProvC,14/09/2024,00:00:00,14/09/2024 06:57,06:57:00,6,10,885,13,0,1,25,8,34,12,52,0,57,43,57,19,22,16,8,13551,17789
A,52,7677,M-102,24,Algodon,ProvC,25/12/2024,00:00:00,25/12/2024 10:37,10:37:00,17,10,992,19,13,0,0,7,16,7,48,35,58,12,40,11,17,16,17,14316,18143
B,33,6252,M-104,28,Mezcla,ProvA,17/08/2024,00:00:00,17/08/2024 05:04,05:04:00,16,3,1398,18,29,2,30,5,10,115,7,60,14,45,1,23,20,15,25,17877,25519
A,21,8556,M-103,28,Mezcla,ProvB,26/05/2024,00:00:00,26/05/2024 03:58,03:58:00,0,1,1338,12,30,3,13,43,23,60,38,45,42,43,22,30,22,9,6,13326,21530
B,5,3189,M-103,18,Mezcla,ProvA,31/01/2024,00:00:00,31/01/2024 06:55,06:55:00,8,3,1021,3,11,3,16,23,17,60,60,50,1,34,35,20,24,17,10,11827,18077
B,11,9283,M-104,24,Algodon,ProvC,14/03/2024,00:00:00,14/03/2024 05:42,05:42:00,5,5,1122,0,30,3,15,39,48,29,44,53,50,12,54,20,0,10,9,17212,26319
A,29,6732,M-102,28,Algodon,ProvB,21/07/2024,00:00:00,21/07/2024 05:55,05:55:00,20,3,1327,5,1,3,29,18,40,47,51,32,26,4,22,30,10,10,1,14418,17419
A,25,7551,M-103,28,Poliester,ProvA,20/06/2024,00:00:00,20/06/2024 11:45,11:45:00,12,2,1275,16,15,0,14,36,37,83,28,49,40,45,19,27,19,30,21,16586,24999
A,4,9434,M-102,28,Poliester,ProvC,25/01/2024,00:00:00,25/01/2024 05:06,05:06:00,3,6,1078,8,26,3,16,4,30,54,23,16,50,37,1,5,11,25,25,11778,20572
A,14,8826,M-104,24,Mezcla,ProvA,04/04/2024,00:00:00,04/04/2024 03:41,03:41:00,2,4,1402,16,15,2,13,23,45,80,6,22,27,6,39,11,17,25,13,13107,21983
A,29,2959,M-103,28,Mezcla,ProvA,19/07/2024,00:00:00,19/07/2024 05:41,05:41:00,18,4,571,8,10,2,30,42,8,82,43,6,24,15,38,3,24,13,14,15165,21639
A,17,9891,M-101,24,Mezcla,ProvB,22/04/2024,00:00:00,22/04/2024 11:11,11:11:00,9,8,618,7,23,2,2,25,16,118,29,54,11,27,28,17,26,28,8,15478,17694
C,46,9325,M-104,28,Mezcla,ProvB,16/11/2024,00:00:00,16/11/2024 03:58,03:58:00,13,3,592,23,3,1,26,17,5,52,7,59,30,1,24,13,24,5,23,15085,24725
B,37,6771,M-102,24,Poliester,ProvA,10/09/2024,00:00:00,10/09/2024 11:39,11:39:00,20,4,1038,20,23,4,20,25,27,6,41,6,41,24,39,1,20,5,27,11806,14713
A,20,3409,M-101,28,Poliester,ProvB,15/05/2024,00:00:00,15/05/2024 08:57,08:57:00,19,3,704,2,8,5,15,43,50,38,23,40,60,3,23,12,30,1,17,12792,14802
A,34,2589,M-104,18,Algodon,ProvC,24/08/2024,00:00:00,24/08/2024 05:41,05:41:00,10,1,1078,1,29,5,12,20,38,12,26,20,58,11,3,12,13,27,21,17763,24878
C,20,5061,M-102,28,Algodon,ProvA,17/05/2024,00:00:00,17/05/2024 06:42,06:42:00,11,6,880,10,10,3,22,49,4,49,5,21,33,20,5,1,2,13,4,13114,15934
A,42,8376,M-102,28,Mezcla,ProvB,14/10/2024,00:00:00,14/10/2024 06:31,06:31:00,3,10,1442,15,29,4,8,7,3,35,10,20,34,57,4,6,8,5,5,16161,21335
B,37,6690,M-102,28,Mezcla,ProvB,12/09/2024,00:00:00,12/09/2024 11:47,11:47:00,12,1,1349,24,24,3,22,11,0,53,0,19,49,60,38,8,3,25,26,17137,21891
A,24,6658,M-101,28,Algodon,ProvB,10/06/2024,00:00:00,10/06/2024 05:59,05:59:00,3,4,1014,21,25,3,19,42,31,108,41,5,27,54,47,23,5,25,17,17698,24059
C,22,5642,M-102,28,Mezcla,ProvC,02/06/2024,00:00:00,02/06/2024 09:52,09:52:00,14,10,1469,15,15,3,0,7,18,95,44,11,6,53,58,0,19,12,16,17046,24573
A,29,3542,M-104,24,Algodon,ProvA,16/07/2024,00:00:00,16/07/2024 08:03,08:03:00,14,10,854,6,20,2,21,41,37,12,1,14,3,46,30,28,15,2,1,11077,13901
A,2,4421,M-101,24,Mezcla,ProvC,12/01/2024,00:00:00,12/01/2024 07:38,07:38:00,15,10,1046,20,18,4,9,40,32,37,20,46,7,0,51,23,30,5,6,13120,19064
A,3,9555,M-101,18,Algodon,ProvB,21/01/2024,00:00:00,21/01/2024 09:32,09:32:00,1,9,1235,14,27,1,8,19,41,10,29,12,31,6,34,30,9,25,5,17482,27205
C,26,3297,M-104,18,Mezcla,ProvA,28/06/2024,00:00:00,28/06/2024 10:43,10:43:00,5,5,984,19,26,0,10,40,29,64,10,46,1,38,26,9,6,16,23,17200,21239
B,24,3309,M-101,18,Mezcla,ProvA,13/06/2024,00:00:00,13/06/2024 11:40,11:40:00,20,2,1042,2,20,2,28,45,45,13,9,5,50,32,37,11,21,8,11,13454,18979
C,52,4030,M-102,18,Mezcla,ProvC,29/12/2024,00:00:00,29/12/2024 05:20,05:20:00,18,7,1111,30,10,3,28,26,3,83,30,33,35,2,21,25,0,19,9,19663,25517
C,51,6989,M-102,28,Poliester,ProvB,16/12/2024,00:00:00,16/12/2024 08:23,08:23:00,0,3,1134,2,15,4,11,47,4,75,39,52,14,59,43,29,2,0,17,11046,15066
C,37,2304,M-102,18,Mezcla,ProvC,14/09/2024,00:00:00,14/09/2024 05:59,05:59:00,17,3,945,15,4,3,12,2,5,91,27,51,33,45,37,6,13,13,14,14079,22519
C,30,6721,M-101,24,Poliester,ProvC,22/07/2024,00:00:00,22/07/2024 03:58,03:58:00,3,0,1434,21,16,4,19,10,17,94,38,58,23,38,31,24,14,2,0,12069,18761
C,51,6715,M-103,28,Mezcla,ProvA,19/12/2024,00:00:00,19/12/2024 07:09,07:09:00,1,6,888,6,12,3,18,21,47,44,56,56,44,15,9,27,6,3,11,15038,20337
C,3,1910,M-103,24,Mezcla,ProvC,15/01/2024,00:00:00,15/01/2024 10:23,10:23:00,10,5,1132,8,10,2,28,43,3,28,46,9,4,5,49,30,28,5,4,16770,19844
A,32,3965,M-104,28,Mezcla,ProvC,06/08/2024,00:00:00,06/08/2024 11:15,11:15:00,9,7,851,8,17,3,0,18,18,46,12,53,33,32,29,9,21,11,3,11274,18560
C,6,7905,M-102,18,Poliester,ProvC,07/02/2024,00:00:00,07/02/2024 07:44,07:44:00,3,1,610,23,8,5,16,23,2,14,11,41,20,41,39,15,5,5,11,12093,19709
C,49,4597,M-101,28,Poliester,ProvA,02/12/2024,00:00:00,02/12/2024 11:56,11:56:00,2,5,1187,4,19,4,0,55,10,15,44,60,55,24,8,4,23,26,11,16052,24501
C,37,1056,M-102,18,Poliester,ProvB,12/09/2024,00:00:00,12/09/2024 05:16,05:16:00,3,3,1193,19,11,0,12,60,58,9,50,35,33,10,54,25,22,24,2,10308,13025
B,12,2710,M-101,18,Algodon,ProvB,19/03/2024,00:00:00,19/03/2024 05:55,05:55:00,8,5,1273,8,16,2,6,53,50,58,55,18,44,0,24,29,29,0,5,19878,29212
A,21,2866,M-104,24,Algodon,ProvB,22/05/2024,00:00:00,22/05/2024 03:32,03:32:00,15,2,1267,27,5,0,8,39,34,0,31,2,37,4,51,4,3,13,24,12397,15031
B,7,4247,M-101,28,Mezcla,ProvA,18/02/2024,00:00:00,18/02/2024 04:55,04:55:00,0,8,1437,7,19,0,30,33,14,33,50,20,8,34,54,23,13,19,16,17787,22932
B,6,2213,M-103,18,Algodon,ProvA,06/02/2024,00:00:00,06/02/2024 08:47,08:47:00,12,9,507,14,11,4,5,19,9,112,24,24,46,19,2,2,5,12,0,11639,18515
C,21,7240,M-102,18,Poliester,ProvA,20/05/2024,00:00:00,20/05/2024 09:13,09:13:00,10,1,893,25,21,2,21,19,32,53,35,60,20,50,15,12,12,7,27,10827,17510
A,34,5687,M-103,28,Mezcla,ProvA,25/08/2024,00:00:00,25/08/2024 11:48,11:48:00,1,6,570,29,12,2,1,26,60,5,22,41,52,35,33,28,30,17,19,12560,22217
B,47,8129,M-102,18,Poliester,ProvA,20/11/2024,00:00:00,20/11/2024 10:44,10:44:00,0,9,1132,13,4,5,6,58,43,117,52,21,9,14,54,14,13,26,30,14221,16707
A,25,1651,M-101,18,Poliester,ProvA,18/06/2024,00:00:00,18/06/2024 10:19,10:19:00,10,1,1347,30,3,2,28,25,25,28,3,33,57,9,53,19,23,20,22,13214,22083
B,27,8872,M-104,18,Poliester,ProvB,05/07/2024,00:00:00,05/07/2024 07:15,07:15:00,4,0,820,5,8,3,14,4,39,114,22,11,32,54,9,8,2,9,23,13290,22308
A,6,4411,M-101,28,Poliester,ProvA,11/02/2024,00:00:00,11/02/2024 10:05,10:05:00,1,6,1018,8,14,3,10,18,41,42,30,33,19,45,15,19,26,17,10,17908,26483
A,17,9881,M-101,24,Poliester,ProvC,27/04/2024,00:00:00,27/04/2024 07:16,07:16:00,8,9,1490,24,20,5,13,24,34,11,29,17,15,13,47,9,16,18,22,10624,14318
A,17,5695,M-101,18,Algodon,ProvB,23/04/2024,00:00:00,23/04/2024 06:48,06:48:00,2,3,562,23,5,4,10,34,45,116,45,3,33,13,23,21,28,6,29,12193,16901
C,2,4160,M-103,28,Mezcla,ProvA,11/01/2024,00:00:00,11/01/2024 08:34,08:34:00,19,2,540,27,12,5,18,43,28,4,46,8,9,4,38,9,29,9,16,15046,18218
C,49,4847,M-104,28,Mezcla,ProvC,06/12/2024,00:00:00,06/12/2024 03:50,03:50:00,1,5,924,24,28,0,25,18,55,101,54,13,22,14,55,27,1,19,3,13748,23157
C,3,1787,M-102,28,Poliester,ProvB,19/01/2024,00:00:00,19/01/2024 09:51,09:51:00,10,5,1498,11,21,3,19,18,8,57,45,27,2,51,14,24,2,20,26,14239,18322
B,6,1258,M-103,28,Poliester,ProvA,09/02/2024,00:00:00,09/02/2024 03:15,03:15:00,18,5,957,3,12,1,12,43,30,8,5,0,32,24,37,10,22,23,5,12458,20603
B,38,2185,M-103,18,Poliester,ProvA,17/09/2024,00:00:00,17/09/2024 06:19,06:19:00,4,2,1098,27,13,0,1,52,43,36,45,49,49,4,50,28,29,23,10,19391,24751
B,38,9771,M-103,18,Poliester,ProvA,21/09/2024,00:00:00,21/09/2024 07:17,07:17:00,2,5,1250,26,21,3,12,2,49,39,3,30,58,38,3,7,19,30,20,13018,15443
A,18,6098,M-103,18,Mezcla,ProvB,04/05/2024,00:00:00,04/05/2024 05:34,05:34:00,17,4,830,9,23,1,18,28,12,69,49,48,18,17,8,15,20,29,1,16138,22824
B,22,5923,M-101,18,Algodon,ProvC,28/05/2024,00:00:00,28/05/2024 10:21,10:21:00,9,2,1166,29,15,5,17,30,17,87,12,58,4,22,49,0,4,3,20,17503,25152
C,48,9141,M-101,28,Mezcla,ProvB,26/11/2024,00:00:00,26/11/2024 11:52,11:52:00,7,8,1175,11,0,5,13,33,38,20,47,18,35,14,18,21,11,4,20,18494,27697
C,7,7054,M-101,28,Mezcla,ProvB,18/02/2024,00:00:00,18/02/2024 11:31,11:31:00,20,7,1326,20,6,0,13,4,51,65,36,56,39,10,1,22,29,7,3,10951,13760
B,51,6217,M-102,28,Poliester,ProvB,18/12/2024,00:00:00,18/12/2024 03:10,03:10:00,19,6,982,22,0,0,0,33,44,80,13,43,53,27,20,15,20,8,1,11901,14651
C,49,9312,M-104,24,Poliester,ProvC,03/12/2024,00:00:00,03/12/2024 08:06,08:06:00,2,5,950,3,10,2,3,17,13,120,45,46,42,35,30,13,6,22,19,19184,28337
C,25,9549,M-102,28,Poliester,ProvB,17/06/2024,00:00:00,17/06/2024 09:07,09:07:00,7,8,1066,23,24,3,0,51,0,20,58,8,55,5,53,29,16,6,13,10023,15608
A,52,3134,M-104,18,Poliester,ProvC,28/12/2024,00:00:00,28/12/2024 04:02,04:02:00,2,1,823,17,13,0,27,4,41,59,10,43,19,33,17,29,0,25,25,15175,23721
C,31,5820,M-104,24,Mezcla,ProvB,02/08/2024,00:00:00,02/08/2024 06:37,06:37:00,13,2,921,25,23,4,4,14,7,35,42,9,9,54,3,1,10,2,24,10163,12565
B,14,5420,M-103,28,Poliester,ProvA,01/04/2024,00:00:00,01/04/2024 03:25,03:25:00,10,7,744,5,18,3,27,17,9,29,6,7,3,52,51,22,25,11,5,10139,15918
C,6,7768,M-103,28,Poliester,ProvB,09/02/2024,00:00:00,09/02/2024 08:49,08:49:00,6,1,1097,4,21,2,15,16,39,40,33,23,31,54,33,5,10,11,7,18109,23846
B,11,8755,M-103,18,Algodon,ProvB,12/03/2024,00:00:00,12/03/2024 06:38,06:38:00,11,0,722,6,11,5,10,5,57,6,26,52,28,9,56,30,13,6,20,17486,24844
C,30,1487,M-104,18,Poliester,ProvB,23/07/2024,00:00:00,23/07/2024 09:47,09:47:00,11,4,683,20,0,0,21,8,37,66,46,16,31,59,40,20,2,13,28,17199,22281
C,22,4391,M-102,24,Mezcla,ProvC,29/05/2024,00:00:00,29/05/2024 09:40,09:40:00,5,5,1133,18,26,5,18,19,54,3,11,34,9,33,33,18,7,22,10,17786,26471
B,50,9019,M-103,18,Algodon,ProvB,09/12/2024,00:00:00,09/12/2024 06:31,06:31:00,5,3,1264,26,24,4,28,5,16,3,49,43,1,31,6,13,24,4,5,16206,22938
A,49,1835,M-104,28,Poliester,ProvB,05/12/2024,00:00:00,05/12/2024 04:54,04:54:00,0,7,511,18,11,0,5,60,57,8,27,53,40,35,20,3,10,9,13,15683,22264
C,24,9233,M-101,24,Mezcla,ProvB,10/06/2024,00:00:00,10/06/2024 11:17,11:17:00,17,9,1060,29,16,1,22,19,42,40,2,33,6,50,2,11,20,24,23,11866,17816
C,22,6270,M-103,28,Mezcla,ProvC,02/06/2024,00:00:00,02/06/2024 10:48,10:48:00,10,5,1397,29,18,1,9,28,51,111,43,54,31,17,8,15,26,16,0,12008,16547
A,26,5587,M-102,18,Poliester,ProvB,26/06/2024,00:00:00,26/06/2024 10:52,10:52:00,10,1,1052,18,8,3,6,34,46,56,23,42,43,27,48,5,18,13,27,11696,20172
A,19,3591,M-101,28,Poliester,ProvC,06/05/2024,00:00:00,06/05/2024 07:54,07:54:00,8,4,1036,2,15,2,16,19,55,13,4,43,59,45,8,18,2,22,7,13193,21527
C,1,4005,M-104,18,Poliester,ProvA,01/01/2024,00:00:00,01/01/2024 04:56,04:56:00,17,10,692,15,11,4,2,4,16,5,29,19,25,9,32,12,5,10,27,14030,16385
A,11,1326,M-102,24,Mezcla,ProvA,16/03/2024,00:00:00,16/03/2024 07:14,07:14:00,5,9,1387,18,22,0,20,16,16,36,36,39,22,7,38,30,2,2,12,10629,13488
C,17,9442,M-101,28,Algodon,ProvC,26/04/2024,00:00:00,26/04/2024 08:36,08:36:00,9,10,1032,15,19,1,17,53,2,95,39,7,57,20,24,19,23,21,30,15046,18555
B,29,1174,M-103,18,Poliester,ProvB,15/07/2024,00:00:00,15/07/2024 08:34,08:34:00,4,1,1186,26,16,1,8,11,59,54,56,33,6,60,33,20,29,7,16,14086,16494
B,40,2347,M-103,18,Mezcla,ProvC,02/10/2024,00:00:00,02/10/2024 07:08,07:08:00,20,4,774,6,3,5,27,9,35,29,20,32,32,37,38,16,7,9,13,16827,20531
C,44,7349,M-103,24,Mezcla,ProvA,01/11/2024,00:00:00,01/11/2024 09:39,09:39:00,1,8,794,17,16,0,18,58,6,54,57,19,3,39,19,24,3,2,17,13113,15870
A,12,2133,M-103,28,Algodon,ProvB,18/03/2024,00:00:00,18/03/2024 09:22,09:22:00,2,1,956,13,23,1,6,41,34,56,6,56,25,3,59,26,16,28,1,13845,19972
A,30,1306,M-104,18,Mezcla,ProvA,28/07/2024,00:00:00,28/07/2024 11:52,11:52:00,16,4,1285,15,22,5,6,2,13,53,33,11,21,53,56,20,3,30,15,14007,23565
B,43,2104,M-102,18,Algodon,ProvC,27/10/2024,00:00:00,27/10/2024 09:58,09:58:00,14,6,668,3,24,5,23,0,10,50,19,54,2,57,37,8,26,3,9,14636,18690
B,1,4948,M-101,24,Mezcla,ProvC,31/12/2024,00:00:00,31/12/2024 07:50,07:50:00,15,8,1244,10,28,5,14,6,14,50,9,53,38,13,13,22,9,4,5,10308,16758
B,20,9503,M-102,24,Algodon,ProvB,19/05/2024,00:00:00,19/05/2024 06:32,06:32:00,18,3,1351,29,15,4,3,4,7,90,18,24,53,9,40,30,21,14,16,10816,18289
B,1,8874,M-103,28,Mezcla,ProvB,07/01/2024,00:00:00,07/01/2024 08:21,08:21:00,5,2,1052,26,8,1,19,36,24,19,58,26,16,32,19,5,28,26,8,12451,19255
C,2,4094,M-103,24,Algodon,ProvB,14/01/2024,00:00:00,14/01/2024 11:54,11:54:00,8,1,1473,25,19,4,14,42,28,114,37,1,40,25,30,26,18,25,18,15428,22834
C,34,7152,M-101,24,Algodon,ProvA,23/08/2024,00:00:00,23/08/2024 05:38,05:38:00,4,10,729,16,29,5,30,18,44,23,25,37,7,40,19,5,24,13,8,17427,20720
A,50,7127,M-103,24,Algodon,ProvA,14/12/2024,00:00:00,14/12/2024 09:18,09:18:00,14,0,1324,21,26,4,0,38,24,77,50,36,2,24,58,16,27,14,10,13781,16765
C,38,6542,M-103,28,Mezcla,ProvC,22/09/2024,00:00:00,22/09/2024 10:41,10:41:00,1,1,936,0,20,1,12,7,4,20,60,33,57,29,46,25,9,9,22,12019,18317
C,11,5082,M-103,18,Poliester,ProvC,11/03/2024,00:00:00,11/03/2024 11:58,11:58:00,11,7,1365,18,1,3,25,8,50,37,6,38,36,48,8,20,0,18,22,13352,22113
A,30,5438,M-104,18,Algodon,ProvC,23/07/2024,00:00:00,23/07/2024 11:41,11:41:00,18,5,754,0,5,2,21,24,53,41,39,4,43,30,35,22,7,30,6,11250,18533
C,38,6080,M-104,18,Algodon,ProvA,18/09/2024,00:00:00,18/09/2024 03:42,03:42:00,12,8,929,19,16,3,18,1,3,104,24,32,22,18,3,16,10,29,6,11456,19538
B,8,4420,M-104,28,Mezcla,ProvC,22/02/2024,00:00:00,22/02/2024 10:26,10:26:00,13,7,1346,5,26,5,4,11,16,118,7,12,46,60,60,22,25,20,22,12466,15754
C,12,7025,M-103,24,Algodon,ProvB,24/03/2024,00:00:00,24/03/2024 07:27,07:27:00,4,3,551,1,17,0,22,40,38,85,4,31,56,48,3,18,3,11,8,17449,19750
B,12,8656,M-103,24,Poliester,ProvB,23/03/2024,00:00:00,23/03/2024 03:19,03:19:00,19,8,1435,27,29,2,4,23,58,14,28,54,35,39,35,30,30,20,30,18470,24948
C,11,3827,M-101,18,Mezcla,ProvB,16/03/2024,00:00:00,16/03/2024 06:13,06:13:00,7,10,969,17,9,3,9,1,33,93,25,23,24,10,12,1,4,23,29,11363,18565
A,47,1461,M-101,18,Poliester,ProvC,22/11/2024,00:00:00,22/11/2024 04:08,04:08:00,19,0,1146,28,23,2,28,6,57,1,26,48,42,21,39,25,12,2,4,10208,12655
C,2,6658,M-103,28,Mezcla,ProvA,11/01/2024,00:00:00,11/01/2024 04:40,04:40:00,6,0,888,23,24,3,9,22,19,84,7,23,14,19,25,27,11,4,30,10090,15614
A,52,2492,M-104,28,Poliester,ProvA,25/12/2024,00:00:00,25/12/2024 09:55,09:55:00,10,3,1386,20,28,4,9,23,19,8,43,3,19,3,15,16,15,23,6,15255,25191
C,31,8212,M-101,18,Mezcla,ProvC,30/07/2024,00:00:00,30/07/2024 11:11,11:11:00,0,2,1361,11,4,0,21,37,13,112,16,47,55,31,23,14,2,2,11,18147,24077
C,23,6472,M-103,28,Algodon,ProvA,08/06/2024,00:00:00,08/06/2024 04:26,04:26:00,0,5,1124,11,17,4,18,29,43,89,5,5,42,33,36,29,16,24,29,19700,23375
C,34,7437,M-104,24,Algodon,ProvB,25/08/2024,00:00:00,25/08/2024 07:53,07:53:00,12,5,1067,2,2,0,5,17,5,82,46,34,9,49,21,7,0,29,18,10119,14486
C,37,3746,M-103,24,Algodon,ProvB,12/09/2024,00:00:00,12/09/2024 11:42,11:42:00,3,4,968,5,2,4,15,39,26,116,27,54,9,59,60,10,13,7,10,11917,21585
A,32,1948,M-104,18,Poliester,ProvC,11/08/2024,00:00:00,11/08/2024 11:51,11:51:00,8,8,756,24,13,1,10,53,56,68,52,12,49,31,30,21,5,18,28,16537,21337
C,16,3613,M-103,18,Mezcla,ProvC,19/04/2024,00:00:00,19/04/2024 08:02,08:02:00,20,3,1343,14,24,2,1,39,26,11,37,30,33,60,13,12,9,0,4,15927,19017
A,9,4535,M-102,24,Algodon,ProvA,26/02/2024,00:00:00,26/02/2024 10:28,10:28:00,9,1,1055,9,6,4,21,19,8,57,43,27,0,32,15,5,28,0,25,13486,18727
C,47,7088,M-102,28,Algodon,ProvC,21/11/2024,00:00:00,21/11/2024 08:22,08:22:00,11,7,548,20,12,5,0,6,20,120,51,9,6,30,29,24,1,14,1,17191,23630
C,37,6204,M-104,24,Algodon,ProvB,12/09/2024,00:00:00,12/09/2024 07:07,07:07:00,11,9,820,29,19,1,6,35,38,96,49,48,19,16,11,15,22,16,13,18954,26374
C,11,7303,M-102,18,Mezcla,ProvA,12/03/2024,00:00:00,12/03/2024 08:26,08:26:00,6,3,939,14,9,3,4,10,33,84,4,40,11,45,6,17,23,11,10,12811,21842
B,32,1052,M-101,28,Mezcla,ProvA,05/08/2024,00:00:00,05/08/2024 04:31,04:31:00,12,8,1319,5,30,5,26,30,41,76,7,15,47,53,54,20,3,24,27,16329,26107
C,2,6967,M-102,24,Poliester,ProvB,12/01/2024,00:00:00,12/01/2024 07:03,07:03:00,1,6,552,11,13,2,28,48,11,120,19,23,55,1,23,23,15,26,6,10159,14234
B,1,7193,M-102,28,Poliester,ProvA,30/12/2024,00:00:00,30/12/2024 05:50,05:50:00,13,10,1246,7,11,2,19,60,14,103,39,59,54,39,59,28,3,22,11,12955,17959
A,25,8502,M-102,24,Poliester,ProvC,23/06/2024,00:00:00,23/06/2024 06:04,06:04:00,7,5,534,24,5,4,4,21,18,16,14,13,2,51,8,12,13,18,13,10201,18497
C,47,6996,M-103,18,Mezcla,ProvA,18/11/2024,00:00:00,18/11/2024 03:02,03:02:00,5,4,1386,1,16,3,29,6,3,75,60,41,17,7,49,16,30,4,28,11712,19691
A,51,5916,M-102,18,Algodon,ProvA,22/12/2024,00:00:00,22/12/2024 11:54,11:54:00,13,10,952,19,7,2,3,39,6,103,1,4,6,26,60,17,11,1,13,13784,18671
A,52,5788,M-101,28,Mezcla,ProvA,28/12/2024,00:00:00,28/12/2024 05:30,05:30:00,16,1,1120,24,16,2,27,1,59,20,23,46,48,13,53,27,7,27,0,13202,21082
B,45,6006,M-101,28,Poliester,ProvA,08/11/2024,00:00:00,08/11/2024 06:39,06:39:00,0,3,771,23,13,0,20,24,43,20,41,15,18,46,0,0,20,9,11,17978,23776
B,12,3260,M-103,24,Poliester,ProvC,24/03/2024,00:00:00,24/03/2024 09:35,09:35:00,11,6,1345,14,1,2,29,23,18,105,2,17,23,16,53,1,16,2,19,10106,14421
C,51,3315,M-103,18,Poliester,ProvA,17/12/2024,00:00:00,17/12/2024 08:12,08:12:00,7,0,539,18,18,1,26,2,29,77,6,1,18,22,58,4,7,0,20,11944,18189
B,36,7386,M-103,24,Mezcla,ProvC,05/09/2024,00:00:00,05/09/2024 05:03,05:03:00,1,4,1131,13,17,0,11,6,46,2,51,52,30,59,54,25,22,5,18,11221,20661
A,14,2417,M-102,18,Poliester,ProvB,06/04/2024,00:00:00,06/04/2024 04:46,04:46:00,5,6,1344,18,7,5,16,15,18,3,42,45,27,33,59,9,19,22,9,16565,23834
A,2,2673,M-101,28,Mezcla,ProvB,08/01/2024,00:00:00,08/01/2024 09:54,09:54:00,6,0,1495,20,23,1,23,41,19,49,48,33,37,46,36,14,26,14,15,16321,21635
C,23,9228,M-101,28,Algodon,ProvC,09/06/2024,00:00:00,09/06/2024 07:32,07:32:00,8,0,1206,4,3,4,18,13,21,55,29,49,60,14,32,24,14,28,2,12595,16335
B,34,1214,M-102,28,Algodon,ProvB,24/08/2024,00:00:00,24/08/2024 11:28,11:28:00,4,5,524,12,8,2,16,38,22,115,20,44,33,8,44,24,21,12,15,11602,20042
A,4,9744,M-102,28,Algodon,ProvC,22/01/2024,00:00:00,22/01/2024 06:56,06:56:00,0,7,1316,12,5,1,11,56,28,29,8,58,51,14,60,2,3,1,11,13881,23375
A,50,4804,M-104,28,Algodon,ProvC,13/12/2024,00:00:00,13/12/2024 09:02,09:02:00,0,10,666,22,9,2,10,14,42,115,30,38,58,15,34,1,30,24,25,19677,24462
C,38,1505,M-104,28,Poliester,ProvB,16/09/2024,00:00:00,16/09/2024 11:16,11:16:00,9,10,585,28,11,4,24,32,4,68,36,12,9,13,34,1,29,1,26,13799,16836
C,14,7590,M-101,24,Algodon,ProvC,03/04/2024,00:00:00,03/04/2024 06:39,06:39:00,4,10,1302,0,19,3,3,39,49,81,6,16,18,48,54,10,25,13,29,15872,21990
B,35,5391,M-101,18,Mezcla,ProvC,26/08/2024,00:00:00,26/08/2024 03:36,03:36:00,2,0,844,10,5,0,14,45,49,15,50,50,10,48,2,6,1,9,29,13529,22988
B,7,7683,M-104,18,Poliester,ProvB,13/02/2024,00:00:00,13/02/2024 07:47,07:47:00,11,4,1456,25,6,5,16,40,58,17,13,12,58,5,60,8,30,9,12,12557,17765
C,39,7762,M-101,18,Mezcla,ProvB,27/09/2024,00:00:00,27/09/2024 07:26,07:26:00,9,4,1065,2,11,0,15,14,33,21,56,51,1,15,0,16,21,0,29,17315,23647
B,8,6922,M-101,18,Poliester,ProvA,19/02/2024,00:00:00,19/02/2024 11:06,11:06:00,9,7,804,9,22,2,24,15,53,90,44,57,23,10,7,24,1,11,9,17817,21308
C,15,2372,M-104,18,Algodon,ProvB,12/04/2024,00:00:00,12/04/2024 06:53,06:53:00,3,5,512,2,30,5,5,22,25,35,29,38,21,1,23,22,1,6,1,12015,14543
C,4,6780,M-103,28,Algodon,ProvA,22/01/2024,00:00:00,22/01/2024 03:41,03:41:00,12,8,595,24,2,2,24,22,1,16,36,29,16,29,21,25,7,9,7,17532,21894
C,6,2582,M-103,28,Algodon,ProvB,09/02/2024,00:00:00,09/02/2024 11:27,11:27:00,9,9,633,11,26,0,26,41,36,36,14,40,8,50,41,11,16,21,23,15771,25052
A,22,4357,M-103,24,Algodon,ProvB,29/05/2024,00:00:00,29/05/2024 06:27,06:27:00,16,9,733,15,14,4,28,5,23,53,36,7,2,43,16,14,11,4,9,11101,20364
C,15,7479,M-101,28,Algodon,ProvC,08/04/2024,00:00:00,08/04/2024 06:02,06:02:00,0,6,1123,25,6,3,29,8,39,65,25,38,4,10,46,13,8,20,6,14761,19402
C,31,6237,M-104,24,Algodon,ProvA,01/08/2024,00:00:00,01/08/2024 08:01,08:01:00,7,1,1345,13,19,4,19,22,14,31,58,1,10,58,23,27,2,27,13,19979,22301
C,8,2405,M-103,28,Mezcla,ProvA,21/02/2024,00:00:00,21/02/2024 04:17,04:17:00,2,3,1100,0,29,2,29,26,40,86,5,57,24,8,15,28,2,19,24,13180,18993
B,43,9059,M-104,18,Mezcla,ProvB,24/10/2024,00:00:00,24/10/2024 08:21,08:21:00,3,9,551,14,22,3,30,51,55,14,0,19,8,39,38,4,19,16,11,19656,26453
B,15,3134,M-104,18,Algodon,ProvA,08/04/2024,00:00:00,08/04/2024 09:04,09:04:00,20,2,718,12,11,3,22,50,54,53,5,27,42,4,50,19,9,16,6,14184,18204
C,16,6487,M-102,24,Algodon,ProvB,19/04/2024,00:00:00,19/04/2024 04:39,04:39:00,15,6,956,18,4,2,9,6,47,120,54,36,16,39,14,22,29,16,22,17078,22889
B,38,4562,M-104,18,Mezcla,ProvC,17/09/2024,00:00:00,17/09/2024 03:37,03:37:00,12,4,1323,3,4,5,27,53,42,76,42,34,48,52,3,19,24,9,0,14479,17947
B,3,4432,M-102,18,Algodon,ProvA,18/01/2024,00:00:00,18/01/2024 11:46,11:46:00,18,4,988,28,7,5,2,39,41,28,49,25,21,16,52,22,8,24,24,19352,21978
A,1,4181,M-102,18,Mezcla,ProvB,31/12/2024,00:00:00,31/12/2024 07:00,07:00:00,11,2,703,16,24,3,28,39,31,49,16,44,50,25,12,4,26,30,13,15847,20093
A,30,2547,M-103,28,Mezcla,ProvB,28/07/2024,00:00:00,28/07/2024 04:15,04:15:00,7,5,912,30,0,2,2,44,9,94,4,2,1,21,13,0,18,21,26,13997,19522
C,50,2991,M-102,28,Mezcla,ProvC,10/12/2024,00:00:00,10/12/2024 11:00,11:00:00,8,2,1279,24,12,5,14,55,56,57,39,17,38,18,25,18,20,14,17,11586,17424
B,3,3866,M-103,18,Mezcla,ProvB,18/01/2024,00:00:00,18/01/2024 09:19,09:19:00,20,2,1476,4,22,5,11,23,33,112,35,1,9,23,31,19,12,27,21,18895,28712
C,49,2712,M-102,24,Mezcla,ProvA,04/12/2024,00:00:00,04/12/2024 08:15,08:15:00,15,5,1379,29,20,4,11,54,54,11,47,39,59,59,16,8,13,14,2,19740,26768
C,10,9473,M-103,18,Algodon,ProvB,09/03/2024,00:00:00,09/03/2024 09:58,09:58:00,6,9,955,0,12,5,19,29,3,7,19,46,58,10,18,16,16,16,8,15920,22737
A,47,8200,M-104,18,Poliester,ProvB,23/11/2024,00:00:00,23/11/2024 07:48,07:48:00,11,6,1233,27,22,4,14,48,4,66,52,37,49,14,35,1,13,15,20,12263,14993
B,21,3499,M-101,24,Mezcla,ProvA,20/05/2024,00:00:00,20/05/2024 05:34,05:34:00,6,9,661,2,11,3,7,38,28,63,57,32,9,53,34,20,10,27,16,11855,20399
C,31,7105,M-101,18,Mezcla,ProvB,03/08/2024,00:00:00,03/08/2024 06:55,06:55:00,18,6,747,4,7,1,14,55,36,98,53,19,37,8,46,13,22,14,4,17183,19881
A,14,6906,M-101,18,Mezcla,ProvB,07/04/2024,00:00:00,07/04/2024 10:24,10:24:00,9,5,758,3,28,1,8,32,42,55,53,12,49,16,5,11,26,27,9,10801,18950
C,32,4639,M-102,18,Mezcla,ProvB,08/08/2024,00:00:00,08/08/2024 11:48,11:48:00,2,9,1280,8,17,3,20,23,47,0,3,57,12,18,30,17,8,3,27,14411,21072
A,34,1506,M-102,28,Poliester,ProvC,21/08/2024,00:00:00,21/08/2024 05:53,05:53:00,10,4,957,13,12,5,4,44,38,111,28,20,4,20,51,22,12,2,22,10953,17385
A,3,9389,M-102,24,Mezcla,ProvB,20/01/2024,00:00:00,20/01/2024 10:27,10:27:00,9,9,1273,6,16,3,5,54,25,82,11,37,53,35,60,6,28,4,1,19603,29376
B,7,8403,M-103,24,Algodon,ProvB,12/02/2024,00:00:00,12/02/2024 06:40,06:40:00,13,4,1165,18,4,3,4,20,20,77,60,9,29,3,55,4,23,1,21,10140,18078
C,17,8302,M-103,24,Poliester,ProvB,28/04/2024,00:00:00,28/04/2024 09:55,09:55:00,20,2,673,13,26,2,8,51,0,92,28,4,43,50,22,30,24,23,18,12105,17823
B,14,6364,M-104,28,Algodon,ProvB,07/04/2024,00:00:00,07/04/2024 07:12,07:12:00,9,4,1228,2,12,4,23,17,41,45,34,2,42,22,54,7,0,15,1,19650,24244
B,1,5328,M-103,28,Poliester,ProvC,30/12/2024,00:00:00,30/12/2024 09:36,09:36:00,19,1,507,19,1,3,1,59,31,118,27,5,50,0,35,23,5,7,30,18845,26439
A,46,3404,M-102,24,Algodon,ProvB,17/11/2024,00:00:00,17/11/2024 05:40,05:40:00,2,4,529,13,4,0,17,49,25,47,48,27,56,16,5,12,30,11,7,19068,22784
A,39,5885,M-103,18,Mezcla,ProvB,25/09/2024,00:00:00,25/09/2024 03:23,03:23:00,15,2,1227,2,19,1,21,10,26,77,14,48,57,5,40,8,23,28,17,14956,17790
B,9,3804,M-102,18,Algodon,ProvA,29/02/2024,00:00:00,29/02/2024 07:09,07:09:00,5,6,524,8,10,5,15,31,12,61,28,39,48,18,16,23,8,2,30,17066,22705
C,50,9292,M-102,28,Mezcla,ProvC,10/12/2024,00:00:00,10/12/2024 05:49,05:49:00,11,0,757,27,18,3,0,49,24,86,11,16,6,14,55,19,10,2,12,14382,20970
C,4,2231,M-102,28,Algodon,ProvA,25/01/2024,00:00:00,25/01/2024 08:08,08:08:00,11,9,665,27,12,2,25,7,20,35,22,25,20,35,58,29,18,4,19,14281,17266
B,36,9420,M-102,28,Poliester,ProvC,02/09/2024,00:00:00,02/09/2024 05:56,05:56:00,9,6,756,1,21,2,27,53,9,20,58,10,0,18,30,19,29,18,16,13443,19513
C,43,6527,M-101,28,Algodon,ProvB,22/10/2024,00:00:00,22/10/2024 03:44,03:44:00,19,7,1129,28,12,1,27,45,32,97,41,39,30,41,56,23,26,5,26,19997,25512
A,25,2872,M-103,28,Algodon,ProvC,19/06/2024,00:00:00,19/06/2024 10:03,10:03:00,9,9,636,16,20,1,6,27,24,65,39,59,57,22,3,4,23,28,21,14535,17567
C,17,8998,M-101,18,Mezcla,ProvC,28/04/2024,00:00:00,28/04/2024 09:33,09:33:00,5,7,1135,25,28,5,18,13,33,48,29,40,53,59,50,16,26,17,12,18067,24379
A,16,6341,M-103,18,Algodon,ProvC,17/04/2024,00:00:00,17/04/2024 06:13,06:13:00,15,10,561,1,8,3,9,57,50,0,14,32,14,5,17,26,3,24,23,19917,29781
B,28,2336,M-104,28,Algodon,ProvA,09/07/2024,00:00:00,09/07/2024 11:33,11:33:00,6,6,1125,2,9,0,19,19,29,12,26,20,22,24,29,16,16,8,16,11085,15835
A,5,8240,M-103,28,Poliester,ProvB,30/01/2024,00:00:00,30/01/2024 10:22,10:22:00,1,8,1103,18,8,1,16,30,32,70,60,6,29,18,30,15,13,11,4,13721,19808
C,34,8104,M-101,28,Algodon,ProvB,24/08/2024,00:00:00,24/08/2024 06:12,06:12:00,4,6,1457,22,12,5,16,42,23,25,50,39,43,24,7,12,3,28,12,18940,25769
A,48,8609,M-104,28,Algodon,ProvA,27/11/2024,00:00:00,27/11/2024 10:58,10:58:00,5,2,578,28,24,2,15,27,31,1,58,30,14,15,21,29,20,2,10,19864,27404
B,2,5973,M-103,18,Mezcla,ProvA,08/01/2024,00:00:00,08/01/2024 05:52,05:52:00,12,2,698,29,22,1,0,50,12,25,26,6,58,28,29,16,12,4,27,19534,25774
A,30,8879,M-101,18,Mezcla,ProvC,24/07/2024,00:00:00,24/07/2024 08:21,08:21:00,6,5,521,26,2,2,12,18,31,77,49,23,55,26,24,24,20,30,1,12652,17542
B,33,6395,M-101,18,Algodon,ProvB,15/08/2024,00:00:00,15/08/2024 10:32,10:32:00,8,3,1282,28,9,3,19,36,18,67,4,53,8,36,19,4,1,10,17,14089,20727
C,16,2738,M-103,18,Poliester,ProvB,16/04/2024,00:00:00,16/04/2024 05:33,05:33:00,12,9,760,3,5,1,8,55,49,30,35,50,29,52,11,17,26,25,27,15829,20963
B,19,4989,M-103,28,Poliester,ProvC,10/05/2024,00:00:00,10/05/2024 07:06,07:06:00,18,0,1231,16,29,0,25,17,39,74,50,31,1,45,2,23,28,11,30,11720,18237
C,27,5550,M-102,18,Mezcla,ProvA,04/07/2024,00:00:00,04/07/2024 04:00,04:00:00,15,0,1006,27,14,4,7,2,47,97,8,49,46,27,37,4,21,15,30,16510,25542
B,16,1270,M-104,24,Poliester,ProvB,17/04/2024,00:00:00,17/04/2024 05:22,05:22:00,10,8,807,29,4,1,3,5,10,112,40,51,35,5,51,2,23,20,29,12401,15414
A,25,9868,M-104,24,Mezcla,ProvA,19/06/2024,00:00:00,19/06/2024 09:29,09:29:00,0,9,1301,3,3,5,8,21,55,120,11,19,18,2,33,2,22,18,24,14661,21748
B,24,6011,M-104,24,Poliester,ProvA,10/06/2024,00:00:00,10/06/2024 03:12,03:12:00,14,3,930,29,29,2,6,8,11,64,20,45,20,55,27,1,25,29,12,10981,17523
B,27,5673,M-104,28,Poliester,ProvC,02/07/2024,00:00:00,02/07/2024 10:37,10:37:00,20,4,925,24,26,2,8,50,22,106,48,1,32,35,60,28,23,2,21,14735,19033
A,25,2542,M-101,18,Algodon,ProvB,22/06/2024,00:00:00,22/06/2024 03:26,03:26:00,16,6,1343,10,24,2,3,30,41,56,16,49,9,29,38,7,23,28,7,15659,22269
A,29,8351,M-104,18,Mezcla,ProvA,18/07/2024,00:00:00,18/07/2024 07:38,07:38:00,17,4,1484,3,3,5,24,0,48,48,43,40,41,54,5,1,14,27,17,16387,24698
C,38,6365,M-102,18,Algodon,ProvC,17/09/2024,00:00:00,17/09/2024 11:40,11:40:00,11,0,1188,5,21,5,16,21,60,120,48,9,7,56,50,26,1,1,9,17518,23218
B,5,8500,M-103,24,Algodon,ProvB,02/02/2024,00:00:00,02/02/2024 10:15,10:15:00,4,1,721,22,16,5,20,21,9,55,13,11,14,28,39,22,27,10,2,13189,20470
B,20,7759,M-101,18,Poliester,ProvB,18/05/2024,00:00:00,18/05/2024 05:06,05:06:00,7,5,1347,19,11,1,13,50,59,35,53,24,34,31,25,15,29,4,4,19019,25056
B,15,4449,M-102,24,Mezcla,ProvA,11/04/2024,00:00:00,11/04/2024 10:17,10:17:00,3,0,1030,19,20,0,2,21,6,97,52,17,50,44,8,1,3,13,11,13942,19183
B,8,5362,M-101,24,Mezcla,ProvC,23/02/2024,00:00:00,23/02/2024 11:57,11:57:00,12,2,969,9,4,3,30,26,20,54,21,11,41,58,15,20,13,30,16,14348,19187
C,18,2126,M-104,18,Algodon,ProvA,02/05/2024,00:00:00,02/05/2024 05:44,05:44:00,19,3,1442,24,12,3,17,39,22,57,12,52,19,3,0,11,17,19,15,15062,21123
A,15,9322,M-104,28,Algodon,ProvA,08/04/2024,00:00:00,08/04/2024 06:18,06:18:00,6,10,701,0,4,5,13,57,40,54,38,5,50,48,26,16,13,18,2,11249,19977
C,8,3094,M-103,24,Mezcla,ProvC,21/02/2024,00:00:00,21/02/2024 11:03,11:03:00,4,8,839,15,29,5,6,42,20,61,8,3,23,57,6,14,12,23,4,11662,13996
C,38,6761,M-103,24,Mezcla,ProvC,16/09/2024,00:00:00,16/09/2024 09:21,09:21:00,11,2,1115,16,17,2,28,50,50,30,50,11,35,19,21,22,30,11,12,19350,21763
A,30,1029,M-104,24,Mezcla,ProvB,25/07/2024,00:00:00,25/07/2024 06:42,06:42:00,5,0,1224,2,7,3,12,26,49,116,40,10,47,17,16,14,11,1,11,12962,18089
C,31,4859,M-101,28,Poliester,ProvB,01/08/2024,00:00:00,01/08/2024 11:38,11:38:00,17,0,1301,26,26,3,0,3,52,87,21,34,48,30,32,28,11,10,27,17776,20544
B,44,2294,M-101,18,Mezcla,ProvA,30/10/2024,00:00:00,30/10/2024 05:09,05:09:00,4,0,670,18,20,5,7,51,17,0,7,32,40,16,57,11,5,0,3,12366,16170
A,23,9462,M-101,24,Poliester,ProvC,08/06/2024,00:00:00,08/06/2024 05:43,05:43:00,17,2,1353,2,27,5,16,11,33,83,2,3,15,23,9,4,3,10,13,15420,22002
C,38,3797,M-102,28,Mezcla,ProvC,21/09/2024,00:00:00,21/09/2024 05:35,05:35:00,9,2,1250,7,8,3,24,2,21,47,19,41,39,37,32,2,16,25,0,12229,20384
C,46,3580,M-102,28,Poliester,ProvC,14/11/2024,00:00:00,14/11/2024 08:04,08:04:00,7,9,1311,5,3,4,14,16,25,3,54,16,17,4,54,7,25,26,28,19909,28386
C,39,8463,M-103,28,Mezcla,ProvB,23/09/2024,00:00:00,23/09/2024 03:35,03:35:00,3,5,1362,13,7,1,28,0,1,66,23,53,49,30,14,11,29,24,17,10906,19418
A,1,3525,M-104,18,Mezcla,ProvB,04/01/2024,00:00:00,04/01/2024 10:18,10:18:00,17,2,580,21,4,5,23,11,54,32,16,51,41,43,36,8,5,6,0,12803,21017
A,17,2452,M-103,28,Poliester,ProvC,23/04/2024,00:00:00,23/04/2024 10:36,10:36:00,3,1,1488,13,27,3,12,25,57,67,29,43,1,38,51,21,23,20,3,11448,16480
A,36,4022,M-104,24,Poliester,ProvB,08/09/2024,00:00:00,08/09/2024 05:20,05:20:00,6,7,987,17,9,1,5,3,9,84,33,20,33,54,47,4,16,4,18,13204,18614
A,19,6258,M-102,28,Mezcla,ProvB,10/05/2024,00:00:00,10/05/2024 11:22,11:22:00,1,6,1468,7,1,2,10,48,24,48,60,13,19,41,21,8,21,16,5,15440,22510
C,13,1986,M-101,24,Mezcla,ProvC,26/03/2024,00:00:00,26/03/2024 04:50,04:50:00,8,9,527,5,13,4,2,49,3,116,14,52,29,32,24,0,22,15,7,19769,23095
C,40,6900,M-104,18,Mezcla,ProvA,02/10/2024,00:00:00,02/10/2024 06:36,06:36:00,16,9,1245,0,16,4,17,38,55,119,55,58,50,60,60,6,11,13,14,17329,24548
B,26,7385,M-103,28,Mezcla,ProvB,25/06/2024,00:00:00,25/06/2024 10:04,10:04:00,19,1,787,30,5,3,6,32,8,102,26,45,40,3,36,13,13,5,29,11639,21281
B,7,5599,M-102,18,Mezcla,ProvB,14/02/2024,00:00:00,14/02/2024 07:09,07:09:00,10,7,1088,27,23,0,1,27,4,61,51,3,56,7,18,18,10,25,15,11485,15848
B,46,5790,M-103,18,Mezcla,ProvC,11/11/2024,00:00:00,11/11/2024 05:02,05:02:00,14,3,1081,1,25,5,1,16,14,29,38,10,9,4,13,13,15,29,10,10244,16716
B,23,4396,M-101,18,Mezcla,ProvA,07/06/2024,00:00:00,07/06/2024 05:11,05:11:00,11,5,568,18,3,3,1,11,17,50,28,29,11,34,2,5,26,8,11,14408,21100
B,51,6763,M-104,18,Mezcla,ProvA,16/12/2024,00:00:00,16/12/2024 04:30,04:30:00,6,2,1327,0,29,1,23,16,45,4,7,12,38,48,22,20,4,3,1,18052,22324
B,49,2007,M-102,28,Mezcla,ProvB,02/12/2024,00:00:00,02/12/2024 04:18,04:18:00,20,5,964,28,14,4,16,39,14,6,48,11,14,59,57,6,5,18,11,14788,21933
C,7,7943,M-102,18,Poliester,ProvB,18/02/2024,00:00:00,18/02/2024 06:36,06:36:00,19,5,1380,28,21,0,6,56,41,21,56,31,10,10,60,12,8,9,10,11945,20046
C,52,1746,M-101,24,Algodon,ProvB,26/12/2024,00:00:00,26/12/2024 07:16,07:16:00,20,1,1103,25,23,3,6,15,46,9,17,8,28,27,23,15,1,12,28,19225,27288
B,4,2960,M-104,18,Mezcla,ProvC,28/01/2024,00:00:00,28/01/2024 03:49,03:49:00,6,9,1284,23,4,1,10,32,13,52,49,44,57,16,45,1,24,21,5,15138,20940
C,13,4201,M-102,18,Algodon,ProvA,31/03/2024,00:00:00,31/03/2024 09:56,09:56:00,17,9,1232,20,27,1,7,50,15,119,18,31,36,9,7,30,8,6,10,16867,21657
B,4,3849,M-101,28,Algodon,ProvA,22/01/2024,00:00:00,22/01/2024 10:45,10:45:00,8,10,1182,21,30,3,16,38,19,41,31,54,58,8,14,9,12,21,6,13080,19539
C,31,3337,M-103,28,Mezcla,ProvB,02/08/2024,00:00:00,02/08/2024 11:07,11:07:00,8,2,1217,2,2,3,28,34,51,103,0,21,35,11,50,14,12,23,5,19885,24795
B,15,2158,M-101,18,Algodon,ProvC,13/04/2024,00:00:00,13/04/2024 09:25,09:25:00,11,4,1156,30,26,2,21,22,15,2,52,38,49,21,15,5,8,19,9,10538,20042
C,51,7264,M-102,28,Algodon,ProvB,18/12/2024,00:00:00,18/12/2024 03:13,03:13:00,19,4,1085,27,16,5,3,38,36,73,40,23,30,59,13,1,20,23,2,15593,20677
C,27,9292,M-104,28,Mezcla,ProvB,07/07/2024,00:00:00,07/07/2024 05:10,05:10:00,10,7,1406,2,27,2,2,49,59,15,11,34,17,9,41,10,30,15,15,18187,22795
A,17,1241,M-101,18,Mezcla,ProvC,24/04/2024,00:00:00,24/04/2024 07:24,07:24:00,14,0,1433,4,13,0,21,29,54,57,38,56,7,1,6,19,9,23,16,14340,18121
C,6,5383,M-104,18,Mezcla,ProvB,11/02/2024,00:00:00,11/02/2024 10:44,10:44:00,4,4,603,26,24,4,29,44,13,77,45,33,18,43,26,23,10,12,12,18778,28133
C,36,6040,M-104,24,Poliester,ProvA,06/09/2024,00:00:00,06/09/2024 05:39,05:39:00,6,0,712,21,25,5,6,16,16,47,19,47,48,10,42,3,15,10,5,13048,18694
C,13,4514,M-101,24,Poliester,ProvA,31/03/2024,00:00:00,31/03/2024 05:55,05:55:00,8,2,919,20,21,3,22,15,36,61,37,22,44,35,48,18,4,1,19,12739,22023
C,38,8163,M-103,18,Poliester,ProvB,21/09/2024,00:00:00,21/09/2024 06:14,06:14:00,1,2,1360,4,25,0,22,53,21,36,60,10,9,2,4,13,11,18,16,10964,13900
A,44,1943,M-103,28,Algodon,ProvC,01/11/2024,00:00:00,01/11/2024 07:36,07:36:00,6,3,1478,10,14,5,13,11,18,111,4,16,14,31,30,5,3,25,13,19492,25427
A,13,4204,M-104,24,Mezcla,ProvA,26/03/2024,00:00:00,26/03/2024 10:43,10:43:00,6,0,826,19,6,2,3,52,22,22,18,7,54,54,43,7,1,10,9,12107,14389
A,2,3015,M-103,18,Algodon,ProvC,12/01/2024,00:00:00,12/01/2024 09:50,09:50:00,17,3,1049,28,28,1,6,59,1,116,7,30,13,20,42,27,16,11,16,10790,17279
C,23,2412,M-102,28,Poliester,ProvC,05/06/2024,00:00:00,05/06/2024 11:51,11:51:00,12,3,1107,1,13,5,6,37,41,87,4,29,44,19,2,7,8,20,22,14598,20485
C,8,2035,M-104,24,Poliester,ProvC,23/02/2024,00:00:00,23/02/2024 04:18,04:18:00,6,8,842,20,29,4,9,14,50,30,3,41,55,43,9,20,13,5,15,13068,15316
C,22,4712,M-102,24,Mezcla,ProvA,01/06/2024,00:00:00,01/06/2024 11:24,11:24:00,18,2,1272,24,11,3,3,48,54,72,54,2,9,24,48,13,4,6,13,10196,17076
C,5,4672,M-104,24,Mezcla,ProvA,01/02/2024,00:00:00,01/02/2024 06:49,06:49:00,7,5,727,23,24,5,2,12,38,86,44,41,51,31,55,21,0,22,5,14250,22239
B,46,6675,M-102,18,Mezcla,ProvB,16/11/2024,00:00:00,16/11/2024 07:46,07:46:00,3,6,787,14,13,1,26,28,8,108,0,54,10,6,16,11,18,29,2,19550,25111
B,30,1797,M-103,24,Mezcla,ProvA,26/07/2024,00:00:00,26/07/2024 09:26,09:26:00,3,5,835,22,2,4,20,16,37,44,22,8,42,19,37,1,26,3,21,17397,24314
C,32,9809,M-103,18,Poliester,ProvB,05/08/2024,00:00:00,05/08/2024 09:07,09:07:00,17,9,1120,16,4,1,27,0,48,81,41,1,28,30,36,24,2,27,22,19878,24494
A,30,5923,M-103,18,Mezcla,ProvC,23/07/2024,00:00:00,23/07/2024 09:46,09:46:00,17,2,1065,19,4,0,26,8,4,10,51,8,30,46,14,10,20,28,8,18654,23393
A,28,5833,M-101,18,Algodon,ProvB,10/07/2024,00:00:00,10/07/2024 06:38,06:38:00,13,1,830,24,16,1,12,25,32,29,11,32,33,33,53,24,29,11,0,12685,19013
A,30,1657,M-102,24,Poliester,ProvB,25/07/2024,00:00:00,25/07/2024 09:35,09:35:00,6,10,1208,0,22,3,5,36,23,55,27,52,41,20,29,14,14,2,12,17602,19980
A,27,8823,M-101,24,Algodon,ProvB,05/07/2024,00:00:00,05/07/2024 06:51,06:51:00,5,2,546,4,2,1,16,34,6,100,54,55,28,36,42,15,9,0,14,18789,28398
A,24,6207,M-101,28,Poliester,ProvC,16/06/2024,00:00:00,16/06/2024 03:10,03:10:00,10,0,639,14,23,3,2,48,20,20,39,12,43,55,2,5,11,10,19,15292,20093
B,39,4799,M-104,24,Poliester,ProvC,27/09/2024,00:00:00,27/09/2024 10:16,10:16:00,4,7,1486,3,18,2,18,29,14,48,1,26,15,50,4,1,29,25,8,14593,17381
A,50,9345,M-101,28,Poliester,ProvC,11/12/2024,00:00:00,11/12/2024 04:40,04:40:00,17,10,589,5,20,2,10,37,41,117,47,30,55,35,25,27,20,7,23,11628,18762
B,28,5700,M-101,28,Poliester,ProvC,14/07/2024,00:00:00,14/07/2024 08:08,08:08:00,4,2,1004,17,29,1,18,19,43,108,12,47,23,18,49,9,4,11,5,14235,20374
B,22,8749,M-101,18,Poliester,ProvC,01/06/2024,00:00:00,01/06/2024 03:02,03:02:00,11,9,1456,2,13,1,24,14,19,75,4,27,16,6,59,17,23,22,18,17564,24343
C,18,5966,M-101,24,Mezcla,ProvC,01/05/2024,00:00:00,01/05/2024 06:09,06:09:00,8,6,1165,2,2,1,20,20,19,56,20,4,16,1,36,29,17,7,2,14956,19709
B,48,8124,M-104,24,Algodon,ProvA,29/11/2024,00:00:00,29/11/2024 07:55,07:55:00,18,8,586,16,21,0,22,47,27,102,18,54,34,58,2,1,28,13,18,12940,16367
C,34,1749,M-104,24,Algodon,ProvC,19/08/2024,00:00:00,19/08/2024 04:45,04:45:00,19,4,1298,23,18,0,26,34,37,15,31,33,60,29,58,19,18,14,14,18008,20580
C,34,6784,M-103,24,Mezcla,ProvB,19/08/2024,00:00:00,19/08/2024 11:37,11:37:00,13,3,998,14,13,5,12,1,59,101,23,29,25,15,57,16,12,4,22,16445,20086
B,31,3013,M-102,28,Poliester,ProvC,29/07/2024,00:00:00,29/07/2024 05:41,05:41:00,9,0,864,8,5,5,0,42,3,29,16,39,5,9,23,19,30,7,29,19266,22384
C,29,4677,M-103,28,Mezcla,ProvC,15/07/2024,00:00:00,15/07/2024 04:37,04:37:00,16,3,892,20,0,2,15,59,23,100,3,29,51,1,2,24,22,24,10,13572,20030
C,10,1336,M-104,18,Poliester,ProvC,10/03/2024,00:00:00,10/03/2024 07:40,07:40:00,13,5,1180,10,8,2,13,52,3,91,17,56,45,1,33,8,20,10,18,16949,21297
C,25,2490,M-102,28,Mezcla,ProvB,19/06/2024,00:00:00,19/06/2024 05:57,05:57:00,20,9,1072,6,27,0,27,35,33,21,17,33,51,0,20,2,20,2,3,10247,18976
A,29,9598,M-101,28,Poliester,ProvB,20/07/2024,00:00:00,20/07/2024 06:37,06:37:00,7,7,633,13,5,4,7,2,12,23,48,43,11,6,41,22,1,19,26,17061,26382
B,38,8225,M-102,24,Algodon,ProvB,20/09/2024,00:00:00,20/09/2024 03:25,03:25:00,20,8,744,8,21,3,10,22,19,1,31,20,6,42,15,28,4,2,3,12418,18836
C,34,8221,M-104,28,Mezcla,ProvC,24/08/2024,00:00:00,24/08/2024 07:58,07:58:00,1,1,1122,17,19,1,26,49,40,51,13,28,21,41,60,3,15,11,5,12969,18278
B,5,5517,M-102,28,Poliester,ProvB,02/02/2024,00:00:00,02/02/2024 07:23,07:23:00,2,4,870,30,13,1,17,52,60,43,41,59,1,53,50,24,28,29,1,14311,22177
B,22,4833,M-103,18,Mezcla,ProvB,27/05/2024,00:00:00,27/05/2024 08:43,08:43:00,7,5,1269,0,10,4,27,57,4,79,41,49,46,34,57,20,28,0,19,11168,14518
A,21,1536,M-104,24,Poliester,ProvB,22/05/2024,00:00:00,22/05/2024 04:35,04:35:00,20,4,833,4,16,5,14,37,27,78,28,45,26,52,28,16,10,3,2,10216,18039
C,46,8070,M-104,28,Mezcla,ProvB,16/11/2024,00:00:00,16/11/2024 09:58,09:58:00,5,8,1281,5,11,5,2,37,53,89,50,37,46,31,6,20,12,14,5,19566,27908
C,15,5155,M-103,24,Poliester,ProvC,14/04/2024,00:00:00,14/04/2024 04:53,04:53:00,10,4,965,20,18,0,12,5,24,106,47,42,6,3,40,9,13,25,17,17004,25594
C,28,1326,M-102,18,Algodon,ProvA,12/07/2024,00:00:00,12/07/2024 05:54,05:54:00,14,0,647,3,7,4,14,49,10,3,12,33,34,30,41,19,18,8,27,15584,24152
A,43,4652,M-104,24,Mezcla,ProvA,22/10/2024,00:00:00,22/10/2024 03:42,03:42:00,16,3,764,29,0,3,22,31,31,84,23,24,0,54,30,23,12,5,3,11310,15090
C,40,5549,M-101,28,Mezcla,ProvC,04/10/2024,00:00:00,04/10/2024 07:51,07:51:00,15,8,835,25,13,3,26,0,46,39,35,55,33,16,50,1,16,11,23,10249,15684
C,50,1362,M-103,28,Poliester,ProvC,09/12/2024,00:00:00,09/12/2024 06:23,06:23:00,0,1,641,10,5,3,7,47,1,97,58,22,54,13,43,29,18,2,6,16649,22450
B,24,8369,M-101,28,Algodon,ProvB,15/06/2024,00:00:00,15/06/2024 07:51,07:51:00,5,5,753,24,11,1,4,52,48,36,3,35,17,43,41,11,5,6,7,10249,20200
A,37,4393,M-102,18,Poliester,ProvC,09/09/2024,00:00:00,09/09/2024 08:28,08:28:00,1,7,996,15,9,5,1,33,51,65,50,1,33,48,57,12,8,1,28,19106,27481
B,6,7403,M-103,24,Mezcla,ProvA,08/02/2024,00:00:00,08/02/2024 08:39,08:39:00,1,5,514,15,3,3,15,30,35,73,17,7,37,2,42,6,11,25,0,17957,26098
A,22,2578,M-102,18,Algodon,ProvC,31/05/2024,00:00:00,31/05/2024 03:51,03:51:00,18,10,1141,4,23,3,1,53,48,81,9,12,14,28,36,23,20,7,2,18392,21462
C,26,5408,M-104,28,Algodon,ProvC,24/06/2024,00:00:00,24/06/2024 06:35,06:35:00,19,6,819,7,20,1,26,27,47,71,54,17,30,57,45,20,3,19,15,18934,27652
C,37,2212,M-103,28,Poliester,ProvC,09/09/2024,00:00:00,09/09/2024 07:14,07:14:00,17,9,540,26,26,2,18,57,18,32,48,17,14,25,54,16,3,24,25,19044,25241
B,6,3453,M-102,18,Mezcla,ProvC,07/02/2024,00:00:00,07/02/2024 07:54,07:54:00,10,5,1061,28,19,3,7,30,48,13,51,52,51,18,30,29,21,29,7,17702,26015
B,19,7349,M-104,18,Algodon,ProvA,08/05/2024,00:00:00,08/05/2024 04:51,04:51:00,11,1,1379,24,15,3,15,35,26,77,7,33,20,40,47,6,14,9,10,16361,19035
C,28,4565,M-104,18,Poliester,ProvC,08/07/2024,00:00:00,08/07/2024 06:17,06:17:00,15,6,623,29,14,0,4,33,4,80,56,13,4,5,13,12,19,15,21,18751,27925
C,39,6693,M-104,18,Poliester,ProvB,28/09/2024,00:00:00,28/09/2024 11:31,11:31:00,9,3,946,22,25,2,29,36,1,119,2,47,52,43,15,19,7,11,10,15521,18652
C,4,4083,M-104,28,Algodon,ProvC,27/01/2024,00:00:00,27/01/2024 10:28,10:28:00,12,3,835,8,28,3,10,58,26,111,25,35,18,27,23,8,13,11,24,12207,15314
A,3,4016,M-102,28,Mezcla,ProvC,20/01/2024,00:00:00,20/01/2024 04:09,04:09:00,7,1,1055,11,21,5,15,13,2,44,19,25,57,43,45,19,5,5,2,18552,24145
A,1,9688,M-104,24,Algodon,ProvB,30/12/2024,00:00:00,30/12/2024 07:37,07:37:00,1,5,1123,16,12,1,15,25,48,53,35,51,58,19,57,20,29,12,1,11802,15303
A,22,8236,M-103,18,Poliester,ProvB,29/05/2024,00:00:00,29/05/2024 09:06,09:06:00,8,8,859,0,28,0,2,35,31,16,49,24,45,25,59,27,1,26,0,16258,22822
C,20,9190,M-101,18,Poliester,ProvB,14/05/2024,00:00:00,14/05/2024 03:51,03:51:00,5,3,512,4,14,1,26,26,28,88,54,21,38,46,17,21,2,6,22,17212,21033
B,7,3349,M-103,24,Algodon,ProvB,14/02/2024,00:00:00,14/02/2024 03:18,03:18:00,11,6,591,28,2,1,8,42,29,97,21,33,38,25,60,13,24,11,17,15626,18180
B,51,7456,M-103,18,Mezcla,ProvC,16/12/2024,00:00:00,16/12/2024 03:40,03:40:00,11,4,853,28,25,5,10,25,33,91,39,11,48,3,30,12,16,3,27,11547,13997
C,34,5075,M-104,24,Algodon,ProvB,21/08/2024,00:00:00,21/08/2024 05:27,05:27:00,8,2,927,16,8,4,7,44,12,11,50,48,10,19,16,7,5,26,15,12131,17948
C,21,3304,M-104,18,Mezcla,ProvC,21/05/2024,00:00:00,21/05/2024 03:47,03:47:00,7,7,901,10,5,2,7,7,59,111,59,50,36,4,4,29,15,20,15,19620,28858
B,2,1650,M-102,24,Mezcla,ProvC,08/01/2024,00:00:00,08/01/2024 08:52,08:52:00,12,8,763,8,28,1,28,46,0,43,52,53,53,15,37,0,19,14,4,10412,18502
A,32,5570,M-104,24,Mezcla,ProvC,09/08/2024,00:00:00,09/08/2024 04:21,04:21:00,17,1,524,4,3,2,9,29,33,106,26,31,4,43,22,14,7,23,10,13382,15875
C,22,9082,M-103,18,Poliester,ProvA,30/05/2024,00:00:00,30/05/2024 05:40,05:40:00,8,0,824,12,17,2,13,41,59,33,55,44,12,28,17,8,0,24,22,17897,22296
B,5,3682,M-101,28,Algodon,ProvB,04/02/2024,00:00:00,04/02/2024 08:48,08:48:00,15,4,1440,1,21,4,17,11,57,47,24,3,8,22,3,2,28,7,0,15037,18370
A,44,4342,M-103,24,Algodon,ProvB,03/11/2024,00:00:00,03/11/2024 04:18,04:18:00,7,2,754,29,24,5,14,6,49,38,23,13,12,29,13,16,25,23,28,12145,15914
C,21,1455,M-101,24,Algodon,ProvC,20/05/2024,00:00:00,20/05/2024 11:54,11:54:00,13,3,504,15,13,4,10,37,2,50,30,55,45,20,29,18,10,12,18,15287,25186
A,7,2440,M-101,28,Mezcla,ProvC,16/02/2024,00:00:00,16/02/2024 03:55,03:55:00,9,1,949,2,12,0,21,43,2,102,56,0,51,7,12,26,9,2,14,17795,25716
B,29,3065,M-104,28,Mezcla,ProvA,21/07/2024,00:00:00,21/07/2024 05:00,05:00:00,7,4,556,14,5,5,27,10,19,106,41,2,47,13,26,23,15,27,18,15566,23221
B,2,5840,M-104,28,Mezcla,ProvA,09/01/2024,00:00:00,09/01/2024 05:00,05:00:00,2,0,619,8,4,4,1,18,46,120,34,24,1,43,18,28,1,2,2,18197,25178
C,32,6849,M-103,24,Algodon,ProvB,09/08/2024,00:00:00,09/08/2024 10:59,10:59:00,5,5,1299,18,30,0,20,27,60,56,50,38,6,42,7,27,14,7,2,10976,15166
C,13,8195,M-104,18,Algodon,ProvC,25/03/2024,00:00:00,25/03/2024 04:56,04:56:00,8,1,1430,14,27,4,24,44,54,95,60,18,15,51,22,17,20,22,19,18876,25932
A,28,8281,M-101,28,Algodon,ProvA,08/07/2024,00:00:00,08/07/2024 09:07,09:07:00,11,4,929,19,23,5,3,47,4,47,30,0,49,60,35,3,15,0,24,18882,23049
C,50,3919,M-103,28,Mezcla,ProvC,15/12/2024,00:00:00,15/12/2024 06:11,06:11:00,2,10,1117,10,19,2,9,33,18,100,36,7,12,19,46,3,25,29,17,17569,25415
A,45,8120,M-102,18,Mezcla,ProvA,09/11/2024,00:00:00,09/11/2024 05:39,05:39:00,5,4,766,1,26,3,14,26,21,39,59,6,11,44,59,25,6,17,6,12532,16980
A,31,3224,M-103,28,Poliester,ProvB,31/07/2024,00:00:00,31/07/2024 10:53,10:53:00,10,9,873,26,24,5,18,0,5,46,38,33,5,11,0,9,16,18,17,17531,24726
C,9,4719,M-104,28,Poliester,ProvC,03/03/2024,00:00:00,03/03/2024 06:59,06:59:00,17,7,918,28,23,2,19,1,21,105,44,3,13,7,55,14,6,2,25,14483,23305
B,48,5220,M-101,24,Algodon,ProvC,01/12/2024,00:00:00,01/12/2024 08:05,08:05:00,13,0,761,7,30,4,19,9,59,102,55,20,12,18,18,28,4,10,19,15455,21483
C,32,5574,M-101,24,Mezcla,ProvA,10/08/2024,00:00:00,10/08/2024 06:56,06:56:00,11,0,1069,4,15,5,16,42,11,49,21,30,59,32,59,19,4,27,5,14650,23688
B,26,2807,M-104,28,Algodon,ProvA,25/06/2024,00:00:00,25/06/2024 03:43,03:43:00,5,4,1005,15,8,3,7,56,12,55,12,11,37,29,60,13,1,30,24,10228,16576
C,50,4668,M-104,18,Poliester,ProvA,09/12/2024,00:00:00,09/12/2024 10:28,10:28:00,3,7,1365,16,28,2,27,50,19,81,2,32,29,48,8,30,5,6,0,11371,16399
C,15,2120,M-102,18,Poliester,ProvC,14/04/2024,00:00:00,14/04/2024 10:23,10:23:00,4,9,1417,4,12,5,24,57,27,8,32,22,13,49,14,8,16,18,4,19150,22018
A,34,3627,M-101,24,Algodon,ProvA,23/08/2024,00:00:00,23/08/2024 05:45,05:45:00,13,4,1023,11,9,2,14,7,55,9,54,45,45,25,58,18,19,7,15,14643,23481
A,35,8931,M-101,28,Algodon,ProvA,27/08/2024,00:00:00,27/08/2024 03:21,03:21:00,2,1,1269,21,29,0,14,46,34,90,33,32,20,45,4,7,14,22,8,15678,21671
B,26,7197,M-103,24,Algodon,ProvB,25/06/2024,00:00:00,25/06/2024 11:13,11:13:00,1,0,684,4,11,3,23,40,10,112,6,17,40,13,11,20,17,16,1,16435,25021
B,22,2306,M-102,18,Poliester,ProvB,28/05/2024,00:00:00,28/05/2024 05:54,05:54:00,18,3,837,26,20,3,26,59,57,35,43,11,6,42,40,14,27,26,13,12511,21231
C,26,3535,M-102,18,Algodon,ProvB,29/06/2024,00:00:00,29/06/2024 09:27,09:27:00,3,6,1192,3,6,1,13,12,9,32,55,60,25,44,34,17,26,29,28,10830,16796
C,13,2103,M-103,18,Algodon,ProvC,26/03/2024,00:00:00,26/03/2024 03:58,03:58:00,12,1,596,1,23,3,11,51,43,98,36,21,42,12,50,5,22,6,18,12688,22529
B,13,3727,M-102,18,Mezcla,ProvA,25/03/2024,00:00:00,25/03/2024 05:01,05:01:00,20,9,1241,24,30,2,0,15,9,82,33,43,13,50,18,9,15,8,6,11021,19989
B,44,1152,M-103,28,Algodon,ProvB,31/10/2024,00:00:00,31/10/2024 10:16,10:16:00,11,3,897,10,19,5,15,0,48,16,40,55,28,36,3,6,21,26,7,19194,27023
C,42,3895,M-103,28,Poliester,ProvC,15/10/2024,00:00:00,15/10/2024 04:00,04:00:00,15,0,1395,25,28,3,0,0,51,106,20,52,46,47,44,19,2,10,4,11178,20187
C,12,9843,M-103,28,Mezcla,ProvA,22/03/2024,00:00:00,22/03/2024 08:21,08:21:00,18,7,604,3,26,3,0,39,7,33,55,55,13,23,8,6,12,18,24,15724,18432
B,15,3542,M-104,24,Algodon,ProvB,11/04/2024,00:00:00,11/04/2024 09:24,09:24:00,19,6,939,3,17,1,2,27,51,50,14,54,52,46,12,6,19,15,20,19432,27771
B,39,4557,M-104,28,Poliester,ProvC,24/09/2024,00:00:00,24/09/2024 06:25,06:25:00,9,4,1248,19,25,1,27,12,9,82,52,30,23,25,12,9,18,17,27,11191,15321
A,3,9067,M-104,28,Poliester,ProvC,16/01/2024,00:00:00,16/01/2024 05:55,05:55:00,15,1,691,8,20,2,30,36,41,98,53,16,58,17,36,26,23,0,28,14209,17398
C,28,1164,M-102,28,Poliester,ProvA,14/07/2024,00:00:00,14/07/2024 07:38,07:38:00,6,2,1478,6,27,2,25,35,29,92,0,1,8,50,37,14,27,19,1,17171,23802
A,33,3771,M-104,18,Algodon,ProvC,17/08/2024,00:00:00,17/08/2024 09:20,09:20:00,1,3,1432,28,27,4,0,38,45,44,12,24,57,22,27,0,14,29,21,11691,20352
